日期,時段,代號,名稱,當前股價,動能(%),狀態
2026-06-16,台股模組,00631L.TW,元大台灣50正2,37.31,48.88,❌ 跌破IXIC濾網
2026-06-16,台股模組,00675L.TW,富邦臺灣加權正2,329.0,50.91,❌ 跌破IXIC濾網
2026-06-16,台股模組,00674R.TW,期元大S&P黃金反1,28.45,238.52,⭐️ 買進標的
2026-06-16,台股模組,2327.TW,國巨*,950.0,179.49,⭐️ 買進標的
2026-06-16,台股模組,4958.TW,臻鼎-KY,624.0,140.72,⭐️ 買進標的
2026-06-16,台股模組,3090.TW,日電貿,275.0,138.87,⭐️ 買進標的
2026-06-16,台股模組,2493.TW,揚博,250.0,109.76,⭐️ 買進標的
2026-06-16,台股模組,2454.TW,聯發科,4560.0,100.39,⭐️ 買進標的
2026-06-16,台股模組,3008.TW,大立光,4860.0,81.58,⭐️ 買進標的
2026-06-16,台股模組,2303.TW,聯電,141.0,80.04,⭐️ 買進標的
2026-06-16,台股模組,8454.TW,富邦媒,321.0,78.99,⭐️ 買進標的
2026-06-16,台股模組,8021.TW,尖點,518.0,74.41,⭐️ 買進標的
2026-06-16,美股模組,USD,ProShares Ultra Semiconductors,98.01,53.29,⭐️ 買進標的
2026-06-16,美股模組,SOXL,Direxion Daily Semiconductor Bull 3X Shares,234.68,254.25,❌ 跌破TWII濾網
2026-06-16,美股模組,SNDK,Sandisk,1980.1,328.81,⭐️ 買進標的
2026-06-16,美股模組,BWET,Breakwave Tanker Shipping ETF,198.77,296.56,⭐️ 買進標的
2026-06-16,美股模組,AXTI,"AXT, Inc.",97.18,201.72,⭐️ 買進標的
2026-06-16,美股模組,MU,Micron Technology,981.61,141.71,⭐️ 買進標的
2026-06-16,美股模組,DELL,Dell Technologies,409.07,141.5,⭐️ 買進標的
2026-06-16,美股模組,INTC,Intel,124.57,127.06,⭐️ 買進標的
2026-06-16,美股模組,STX,Seagate Technology,931.04,123.27,⭐️ 買進標的
2026-06-16,美股模組,LNVGY,Lenovo Group Limited,57.25,111.49,⭐️ 買進標的
2026-06-16,美股模組,WDC,Western Digital,562.93,110.12,⭐️ 買進標的
2026-06-16,美股模組,AMD,Advanced Micro Devices,511.57,103.47,⭐️ 買進標的
2026-06-16,台股模組,00631L.TW,元大台灣50正2,37.31,48.88,❌ 跌破IXIC濾網
2026-06-16,台股模組,00675L.TW,富邦臺灣加權正2,329.0,50.91,❌ 跌破IXIC濾網
2026-06-16,台股模組,00674R.TW,期元大S&P黃金反1,28.45,238.52,⭐️ 買進標的
2026-06-16,台股模組,2327.TW,國巨*,950.0,179.49,⭐️ 買進標的
2026-06-16,台股模組,4958.TW,臻鼎-KY,624.0,140.72,⭐️ 買進標的
2026-06-16,台股模組,3090.TW,日電貿,275.0,138.87,⭐️ 買進標的
2026-06-16,台股模組,2493.TW,揚博,250.0,109.76,⭐️ 買進標的
2026-06-16,台股模組,2454.TW,聯發科,4560.0,100.39,⭐️ 買進標的
2026-06-16,台股模組,3008.TW,大立光,4860.0,81.58,⭐️ 買進標的
2026-06-16,台股模組,2303.TW,聯電,141.0,80.04,⭐️ 買進標的
2026-06-16,台股模組,8454.TW,富邦媒,321.0,78.99,⭐️ 買進標的
2026-06-16,台股模組,8021.TW,尖點,518.0,74.41,⭐️ 買進標的
2026-06-16,美股模組,USD,ProShares Ultra Semiconductors,105.36,62.85,⭐️ 買進標的
2026-06-16,美股模組,SOXL,Direxion Daily Semiconductor Bull 3X Shares,272.49,304.12,❌ 跌破TWII濾網
2026-06-16,美股模組,SNDK,Sandisk,2147.95,349.87,⭐️ 買進標的
2026-06-16,美股模組,BWET,Breakwave Tanker Shipping ETF,190.06,272.99,⭐️ 買進標的
2026-06-16,美股模組,AXTI,"AXT, Inc.",108.55,227.14,⭐️ 買進標的
2026-06-16,美股模組,MU,Micron Technology,1101.3,172.58,⭐️ 買進標的
2026-06-16,美股模組,WDC,Western Digital,714.41,159.23,⭐️ 買進標的
2026-06-16,美股模組,DELL,Dell Technologies,412.17,153.33,⭐️ 買進標的
2026-06-16,美股模組,STX,Seagate Technology,1081.0,152.85,⭐️ 買進標的
2026-06-16,美股模組,INTC,Intel,127.92,137.88,⭐️ 買進標的
2026-06-16,美股模組,AMD,Advanced Micro Devices,545.34,114.99,⭐️ 買進標的
2026-06-16,美股模組,LNVGY,Lenovo Group Limited,57.25,111.49,⭐️ 買進標的
2026-06-16,台股模組,00631L.TW,元大台灣50正2,37.31,48.88,⭐️ 買進標的
2026-06-16,台股模組,00675L.TW,富邦臺灣加權正2,329.0,50.91,⭐️ 買進標的
2026-06-16,台股模組,00674R.TW,期元大S&P黃金反1,28.45,238.52,⭐️ 買進標的
2026-06-16,台股模組,2327.TW,國巨*,950.0,179.49,⭐️ 買進標的
2026-06-16,台股模組,4958.TW,臻鼎-KY,624.0,140.72,⭐️ 買進標的
2026-06-16,台股模組,3090.TW,日電貿,275.0,138.87,⭐️ 買進標的
2026-06-16,台股模組,2493.TW,揚博,250.0,109.76,⭐️ 買進標的
2026-06-16,台股模組,2454.TW,聯發科,4560.0,100.39,⭐️ 買進標的
2026-06-16,台股模組,3008.TW,大立光,4860.0,81.58,⭐️ 買進標的
2026-06-16,台股模組,2303.TW,聯電,141.0,80.04,⭐️ 買進標的
2026-06-16,台股模組,8454.TW,富邦媒,321.0,78.99,⭐️ 買進標的
2026-06-16,台股模組,8021.TW,尖點,518.0,74.41,⭐️ 買進標的
2026-06-16,美股模組,USD,ProShares Ultra Semiconductors,105.33,62.8,⭐️ 買進標的
2026-06-16,美股模組,SOXL,Direxion Daily Semiconductor Bull 3X Shares,273.3,305.33,⭐️ 買進標的 (釘住)
2026-06-16,美股模組,SNDK,Sandisk,2111.31,342.2,⭐️ 買進標的
2026-06-16,美股模組,BWET,Breakwave Tanker Shipping ETF,186.37,265.75,⭐️ 買進標的
2026-06-16,美股模組,AXTI,"AXT, Inc.",110.12,231.87,⭐️ 買進標的
2026-06-16,美股模組,MU,Micron Technology,1093.62,170.68,⭐️ 買進標的
2026-06-16,美股模組,WDC,Western Digital,718.06,160.55,⭐️ 買進標的
2026-06-16,美股模組,DELL,Dell Technologies,420.88,158.69,⭐️ 買進標的
2026-06-16,美股模組,STX,Seagate Technology,1086.36,154.11,⭐️ 買進標的
2026-06-16,美股模組,LNVGY,Lenovo Group Limited,65.0,141.56,⭐️ 買進標的
2026-06-16,美股模組,INTC,Intel,128.05,138.14,⭐️ 買進標的
2026-06-16,美股模組,AMD,Advanced Micro Devices,542.4,113.83,⭐️ 買進標的
2026-06-17,台股模組,00631L.TW,元大台灣50正2,37.07,47.05,⭐️ 買進標的
2026-06-17,台股模組,00675L.TW,富邦臺灣加權正2,325.85,48.34,⭐️ 買進標的
2026-06-17,台股模組,00674R.TW,期元大S&P黃金反1,28.35,243.03,⭐️ 買進標的
2026-06-17,台股模組,2327.TW,國巨*,950.0,179.49,⭐️ 買進標的
2026-06-17,台股模組,4958.TW,臻鼎-KY,624.0,140.72,⭐️ 買進標的
2026-06-17,台股模組,3090.TW,日電貿,275.0,138.87,⭐️ 買進標的
2026-06-17,台股模組,2493.TW,揚博,250.0,109.76,⭐️ 買進標的
2026-06-17,台股模組,2454.TW,聯發科,4560.0,100.39,⭐️ 買進標的
2026-06-17,台股模組,3008.TW,大立光,4860.0,81.58,⭐️ 買進標的
2026-06-17,台股模組,2303.TW,聯電,141.0,80.04,⭐️ 買進標的
2026-06-17,台股模組,8454.TW,富邦媒,321.0,78.99,⭐️ 買進標的
2026-06-17,台股模組,8021.TW,尖點,518.0,74.41,⭐️ 買進標的
2026-06-17,美股模組,USD,ProShares Ultra Semiconductors,97.88,61.28,⭐️ 買進標的
2026-06-17,美股模組,SOXL,Direxion Daily Semiconductor Bull 3X Shares,226.19,263.9,⭐️ 買進標的 (釘住)
2026-06-17,美股模組,SNDK,Sandisk,1991.55,361.32,⭐️ 買進標的
2026-06-17,美股模組,BWET,Breakwave Tanker Shipping ETF,195.59,283.84,⭐️ 買進標的
2026-06-17,美股模組,AXTI,"AXT, Inc.",93.04,204.38,⭐️ 買進標的
2026-06-17,美股模組,MU,Micron Technology,1020.76,161.9,⭐️ 買進標的
2026-06-17,美股模組,DELL,Dell Technologies,404.08,148.36,⭐️ 買進標的
2026-06-17,美股模組,WDC,Western Digital,681.08,148.31,⭐️ 買進標的
2026-06-17,美股模組,STX,Seagate Technology,1031.34,145.04,⭐️ 買進標的
2026-06-17,美股模組,LNVGY,Lenovo Group Limited,64.64,144.93,⭐️ 買進標的
2026-06-17,美股模組,INTC,Intel,117.05,127.62,⭐️ 買進標的
2026-06-17,美股模組,AMD,Advanced Micro Devices,507.29,106.23,⭐️ 買進標的
2026-06-17,台股模組,00631L.TW,元大台灣50正2,37.51,48.68,⭐️ 買進標的
2026-06-17,台股模組,00675L.TW,富邦臺灣加權正2,330.0,50.33,⭐️ 買進標的
2026-06-17,台股模組,00674R.TW,期元大S&P黃金反1,28.46,240.32,⭐️ 買進標的
2026-06-17,台股模組,2327.TW,國巨*,984.0,172.97,⭐️ 買進標的
2026-06-17,台股模組,3090.TW,日電貿,302.5,144.33,⭐️ 買進標的
2026-06-17,台股模組,4958.TW,臻鼎-KY,639.0,141.21,⭐️ 買進標的
2026-06-17,台股模組,2493.TW,揚博,249.0,106.84,⭐️ 買進標的
2026-06-17,台股模組,2454.TW,聯發科,4460.0,99.58,⭐️ 買進標的
2026-06-17,台股模組,3481.TW,群創,58.6,88.26,⭐️ 買進標的
2026-06-17,台股模組,3008.TW,大立光,5145.0,85.97,⭐️ 買進標的
2026-06-17,台股模組,8021.TW,尖點,542.0,83.48,⭐️ 買進標的
2026-06-17,台股模組,2303.TW,聯電,140.0,77.27,⭐️ 買進標的
2026-06-17,美股模組,USD,ProShares Ultra Semiconductors,97.88,61.28,⭐️ 買進標的
2026-06-17,美股模組,SOXL,Direxion Daily Semiconductor Bull 3X Shares,226.19,263.9,⭐️ 買進標的 (釘住)
2026-06-17,美股模組,SNDK,Sandisk,1991.55,361.32,⭐️ 買進標的
2026-06-17,美股模組,BWET,Breakwave Tanker Shipping ETF,198.77,296.56,⭐️ 買進標的
2026-06-17,美股模組,AXTI,"AXT, Inc.",93.04,204.38,⭐️ 買進標的
2026-06-17,美股模組,MU,Micron Technology,1020.76,161.9,⭐️ 買進標的
2026-06-17,美股模組,WDC,Western Digital,681.08,148.31,⭐️ 買進標的
2026-06-17,美股模組,LNVGY,Lenovo Group Limited,64.74,145.31,⭐️ 買進標的
2026-06-17,美股模組,STX,Seagate Technology,1031.34,145.04,⭐️ 買進標的
2026-06-17,美股模組,DELL,Dell Technologies,409.07,141.5,⭐️ 買進標的
2026-06-17,美股模組,INTC,Intel,117.05,127.62,⭐️ 買進標的
2026-06-17,美股模組,AMD,Advanced Micro Devices,507.29,106.23,⭐️ 買進標的
2026-06-18,台股模組,00631L.TW,元大台灣50正2,37.31,48.88,❌ 跌破IXIC濾網
2026-06-18,台股模組,00675L.TW,富邦臺灣加權正2,329.0,50.91,❌ 跌破IXIC濾網
2026-06-18,台股模組,00674R.TW,期元大S&P黃金反1,28.45,238.52,⭐️ 買進標的
2026-06-18,台股模組,2327.TW,國巨*,984.0,172.97,⭐️ 買進標的
2026-06-18,台股模組,3090.TW,日電貿,302.5,144.33,⭐️ 買進標的
2026-06-18,台股模組,4958.TW,臻鼎-KY,639.0,141.21,⭐️ 買進標的
2026-06-18,台股模組,2493.TW,揚博,249.0,106.84,⭐️ 買進標的
2026-06-18,台股模組,2454.TW,聯發科,4460.0,99.58,⭐️ 買進標的
2026-06-18,台股模組,3481.TW,群創,58.6,88.26,⭐️ 買進標的
2026-06-18,台股模組,3008.TW,大立光,5145.0,85.97,⭐️ 買進標的
2026-06-18,台股模組,8021.TW,尖點,542.0,83.48,⭐️ 買進標的
2026-06-18,台股模組,2303.TW,聯電,140.0,77.27,⭐️ 買進標的
2026-06-18,美股模組,USD,ProShares Ultra Semiconductors,99.11,66.48,⭐️ 買進標的
2026-06-18,美股模組,SOXL,Direxion Daily Semiconductor Bull 3X Shares,233.86,284.97,⭐️ 買進標的 (釘住)
2026-06-18,美股模組,SNDK,Sandisk,1958.8,359.06,⭐️ 買進標的
2026-06-18,美股模組,BWET,Breakwave Tanker Shipping ETF,209.5,293.39,⭐️ 買進標的
2026-06-18,美股模組,AXTI,"AXT, Inc.",92.11,199.0,⭐️ 買進標的
2026-06-18,美股模組,MU,Micron Technology,1043.19,172.9,⭐️ 買進標的
2026-06-18,美股模組,WDC,Western Digital,712.13,167.72,⭐️ 買進標的
2026-06-18,美股模組,DELL,Dell Technologies,419.32,160.59,⭐️ 買進標的
2026-06-18,美股模組,STX,Seagate Technology,1066.07,160.46,⭐️ 買進標的
2026-06-18,美股模組,INTC,Intel,121.1,134.58,⭐️ 買進標的
2026-06-18,美股模組,LNVGY,Lenovo Group Limited,61.35,131.84,⭐️ 買進標的
2026-06-18,美股模組,AMD,Advanced Micro Devices,512.48,108.52,⭐️ 買進標的
2026-06-18,台股模組,00631L.TW,元大台灣50正2,38.33,49.94,❌ 跌破IXIC濾網
2026-06-18,台股模組,00675L.TW,富邦臺灣加權正2,338.45,52.43,❌ 跌破IXIC濾網
2026-06-18,台股模組,00674R.TW,期元大S&P黃金反1,28.42,236.7,⭐️ 買進標的
2026-06-18,台股模組,2327.TW,國巨*,1080.0,198.49,⭐️ 買進標的
2026-06-18,台股模組,3090.TW,日電貿,332.5,160.22,⭐️ 買進標的
2026-06-18,台股模組,4958.TW,臻鼎-KY,642.0,129.75,⭐️ 買進標的
2026-06-18,台股模組,2493.TW,揚博,273.5,123.8,⭐️ 買進標的
2026-06-18,台股模組,3481.TW,群創,64.4,107.02,⭐️ 買進標的
2026-06-18,台股模組,2454.TW,聯發科,4390.0,94.84,⭐️ 買進標的
2026-06-18,台股模組,3008.TW,大立光,5195.0,89.94,⭐️ 買進標的
2026-06-18,台股模組,2303.TW,聯電,145.5,86.43,⭐️ 買進標的
2026-06-18,台股模組,8454.TW,富邦媒,341.0,86.26,⭐️ 買進標的
2026-06-18,美股模組,USD,ProShares Ultra Semiconductors,99.11,66.48,⭐️ 買進標的
2026-06-18,美股模組,SOXL,Direxion Daily Semiconductor Bull 3X Shares,233.86,284.97,⭐️ 買進標的 (釘住)
2026-06-18,美股模組,SNDK,Sandisk,1958.8,359.06,⭐️ 買進標的
2026-06-18,美股模組,BWET,Breakwave Tanker Shipping ETF,209.5,293.39,⭐️ 買進標的
2026-06-18,美股模組,AXTI,"AXT, Inc.",92.11,199.0,⭐️ 買進標的
2026-06-18,美股模組,MU,Micron Technology,1043.19,172.9,⭐️ 買進標的
2026-06-18,美股模組,WDC,Western Digital,712.13,167.72,⭐️ 買進標的
2026-06-18,美股模組,DELL,Dell Technologies,419.32,160.59,⭐️ 買進標的
2026-06-18,美股模組,STX,Seagate Technology,1066.07,160.46,⭐️ 買進標的
2026-06-18,美股模組,INTC,Intel,121.1,134.58,⭐️ 買進標的
2026-06-18,美股模組,LNVGY,Lenovo Group Limited,61.3,131.65,⭐️ 買進標的
2026-06-18,美股模組,AMD,Advanced Micro Devices,512.48,108.52,⭐️ 買進標的
2026-06-19,台股模組,00631L.TW,元大台灣50正2,37.51,48.68,⭐️ 買進標的
2026-06-19,台股模組,00675L.TW,富邦臺灣加權正2,330.0,50.33,⭐️ 買進標的
2026-06-19,台股模組,00674R.TW,期元大S&P黃金反1,28.46,240.32,⭐️ 買進標的
2026-06-19,台股模組,2327.TW,國巨*,1080.0,198.49,⭐️ 買進標的
2026-06-19,台股模組,3090.TW,日電貿,332.5,160.22,⭐️ 買進標的
2026-06-19,台股模組,4958.TW,臻鼎-KY,642.0,129.75,⭐️ 買進標的
2026-06-19,台股模組,2493.TW,揚博,273.5,123.8,⭐️ 買進標的
2026-06-19,台股模組,3481.TW,群創,64.4,107.02,⭐️ 買進標的
2026-06-19,台股模組,2454.TW,聯發科,4390.0,94.84,⭐️ 買進標的
2026-06-19,台股模組,3008.TW,大立光,5195.0,89.94,⭐️ 買進標的
2026-06-19,台股模組,2303.TW,聯電,145.5,86.43,⭐️ 買進標的
2026-06-19,台股模組,8454.TW,富邦媒,341.0,86.26,⭐️ 買進標的
2026-06-19,美股模組,USD,ProShares Ultra Semiconductors,108.71,82.86,⭐️ 買進標的
2026-06-19,美股模組,SOXL,Direxion Daily Semiconductor Bull 3X Shares,279.29,360.95,⭐️ 買進標的 (釘住)
2026-06-19,美股模組,SNDK,Sandisk,2184.75,394.9,⭐️ 買進標的
2026-06-19,美股模組,BWET,Breakwave Tanker Shipping ETF,211.96,308.54,⭐️ 買進標的
2026-06-19,美股模組,MU,Micron Technology,1133.99,201.92,⭐️ 買進標的
2026-06-19,美股模組,AXTI,"AXT, Inc.",84.57,190.35,⭐️ 買進標的
2026-06-19,美股模組,WDC,Western Digital,746.23,175.68,⭐️ 買進標的
2026-06-19,美股模組,INTC,Intel,133.99,156.73,⭐️ 買進標的
2026-06-19,美股模組,STX,Seagate Technology,1070.23,155.23,⭐️ 買進標的
2026-06-19,美股模組,DELL,Dell Technologies,409.5,148.19,⭐️ 買進標的
2026-06-19,美股模組,BE,Bloom Energy Corporation,328.91,132.87,⭐️ 買進標的
2026-06-19,美股模組,LNVGY,Lenovo Group Limited,60.81,128.68,⭐️ 買進標的
2026-06-19,台股模組,00631L.TW,元大台灣50正2,38.33,49.94,⭐️ 買進標的
2026-06-19,台股模組,00675L.TW,富邦臺灣加權正2,338.45,52.43,⭐️ 買進標的
2026-06-19,台股模組,00674R.TW,期元大S&P黃金反1,28.42,236.7,⭐️ 買進標的
2026-06-19,台股模組,2327.TW,國巨*,1080.0,198.49,⭐️ 買進標的
2026-06-19,台股模組,3090.TW,日電貿,332.5,160.22,⭐️ 買進標的
2026-06-19,台股模組,4958.TW,臻鼎-KY,642.0,129.75,⭐️ 買進標的
2026-06-19,台股模組,2493.TW,揚博,273.5,123.8,⭐️ 買進標的
2026-06-19,台股模組,3481.TW,群創,64.4,107.02,⭐️ 買進標的
2026-06-19,台股模組,2454.TW,聯發科,4390.0,94.84,⭐️ 買進標的
2026-06-19,台股模組,3008.TW,大立光,5195.0,89.94,⭐️ 買進標的
2026-06-19,台股模組,2303.TW,聯電,145.5,86.43,⭐️ 買進標的
2026-06-19,台股模組,8454.TW,富邦媒,341.0,86.26,⭐️ 買進標的
2026-06-19,美股模組,USD,ProShares Ultra Semiconductors,108.71,82.86,⭐️ 買進標的
2026-06-19,美股模組,SOXL,Direxion Daily Semiconductor Bull 3X Shares,279.29,360.95,⭐️ 買進標的 (釘住)
2026-06-19,美股模組,SNDK,Sandisk,2184.75,394.9,⭐️ 買進標的
2026-06-19,美股模組,BWET,Breakwave Tanker Shipping ETF,211.96,308.54,⭐️ 買進標的
2026-06-19,美股模組,MU,Micron Technology,1133.99,201.92,⭐️ 買進標的
2026-06-19,美股模組,AXTI,"AXT, Inc.",84.57,190.35,⭐️ 買進標的
2026-06-19,美股模組,WDC,Western Digital,746.23,175.68,⭐️ 買進標的
2026-06-19,美股模組,INTC,Intel,133.99,156.73,⭐️ 買進標的
2026-06-19,美股模組,STX,Seagate Technology,1070.23,155.23,⭐️ 買進標的
2026-06-19,美股模組,DELL,Dell Technologies,409.5,148.19,⭐️ 買進標的
2026-06-19,美股模組,BE,Bloom Energy Corporation,328.91,132.87,⭐️ 買進標的
2026-06-19,美股模組,LNVGY,Lenovo Group Limited,60.95,129.21,⭐️ 買進標的
2026-06-22,台股模組,00631L.TW,元大台灣50正2,38.33,49.94,⭐️ 買進標的
2026-06-22,台股模組,00675L.TW,富邦臺灣加權正2,338.45,52.43,⭐️ 買進標的
2026-06-22,台股模組,00674R.TW,期元大S&P黃金反1,28.42,236.7,⭐️ 買進標的
2026-06-22,台股模組,2327.TW,國巨*,1080.0,198.49,⭐️ 買進標的
2026-06-22,台股模組,3090.TW,日電貿,332.5,160.22,⭐️ 買進標的
2026-06-22,台股模組,4958.TW,臻鼎-KY,642.0,129.75,⭐️ 買進標的
2026-06-22,台股模組,2493.TW,揚博,273.5,123.8,⭐️ 買進標的
2026-06-22,台股模組,3481.TW,群創,64.4,107.02,⭐️ 買進標的
2026-06-22,台股模組,2454.TW,聯發科,4390.0,94.84,⭐️ 買進標的
2026-06-22,台股模組,3008.TW,大立光,5195.0,89.94,⭐️ 買進標的
2026-06-22,台股模組,2303.TW,聯電,145.5,86.43,⭐️ 買進標的
2026-06-22,台股模組,8454.TW,富邦媒,341.0,86.26,⭐️ 買進標的
2026-06-22,美股模組,USD,ProShares Ultra Semiconductors,108.71,82.86,⭐️ 買進標的
2026-06-22,美股模組,SOXL,Direxion Daily Semiconductor Bull 3X Shares,279.29,360.95,⭐️ 買進標的 (釘住)
2026-06-22,美股模組,SNDK,Sandisk,2184.75,394.9,⭐️ 買進標的
2026-06-22,美股模組,BWET,Breakwave Tanker Shipping ETF,211.96,308.54,⭐️ 買進標的
2026-06-22,美股模組,MU,Micron Technology,1133.99,201.92,⭐️ 買進標的
2026-06-22,美股模組,AXTI,"AXT, Inc.",84.57,190.35,⭐️ 買進標的
2026-06-22,美股模組,WDC,Western Digital,746.23,175.68,⭐️ 買進標的
2026-06-22,美股模組,INTC,Intel,133.99,156.73,⭐️ 買進標的
2026-06-22,美股模組,STX,Seagate Technology,1070.23,155.23,⭐️ 買進標的
2026-06-22,美股模組,DELL,Dell Technologies,409.5,148.19,⭐️ 買進標的
2026-06-22,美股模組,BE,Bloom Energy Corporation,328.91,132.87,⭐️ 買進標的
2026-06-22,美股模組,LNVGY,Lenovo Group Limited,60.95,129.21,⭐️ 買進標的
2026-06-22,台股模組,00631L.TW,元大台灣50正2,41.32,61.62,⭐️ 買進標的
2026-06-22,台股模組,00675L.TW,富邦臺灣加權正2,364.0,63.72,⭐️ 買進標的
2026-06-22,台股模組,6669.TW,緯穎,4855.0,260.08,⭐️ 買進標的
2026-06-22,台股模組,00674R.TW,期元大S&P黃金反1,29.36,239.85,⭐️ 買進標的
2026-06-22,台股模組,2327.TW,國巨*,1065.0,188.79,⭐️ 買進標的
2026-06-22,台股模組,3090.TW,日電貿,335.5,154.35,⭐️ 買進標的
2026-06-22,台股模組,4958.TW,臻鼎-KY,622.0,116.16,⭐️ 買進標的
2026-06-22,台股模組,2493.TW,揚博,268.0,113.91,⭐️ 買進標的
2026-06-22,台股模組,3481.TW,群創,66.0,106.83,⭐️ 買進標的
2026-06-22,台股模組,2303.TW,聯電,160.0,105.25,⭐️ 買進標的
2026-06-22,台股模組,2454.TW,聯發科,4465.0,95.77,⭐️ 買進標的
2026-06-22,台股模組,2344.TW,華邦電,222.0,88.83,⭐️ 買進標的
2026-06-22,美股模組,USD,ProShares Ultra Semiconductors,108.71,82.86,⭐️ 買進標的
2026-06-22,美股模組,SOXL,Direxion Daily Semiconductor Bull 3X Shares,279.29,360.95,⭐️ 買進標的 (釘住)
2026-06-22,美股模組,SNDK,Sandisk,2184.75,394.9,⭐️ 買進標的
2026-06-22,美股模組,BWET,Breakwave Tanker Shipping ETF,211.96,308.54,⭐️ 買進標的
2026-06-22,美股模組,MU,Micron Technology,1133.99,201.92,⭐️ 買進標的
2026-06-22,美股模組,AXTI,"AXT, Inc.",84.57,190.35,⭐️ 買進標的
2026-06-22,美股模組,WDC,Western Digital,746.23,175.68,⭐️ 買進標的
2026-06-22,美股模組,INTC,Intel,133.99,156.73,⭐️ 買進標的
2026-06-22,美股模組,STX,Seagate Technology,1070.23,155.23,⭐️ 買進標的
2026-06-22,美股模組,DELL,Dell Technologies,409.5,148.19,⭐️ 買進標的
2026-06-22,美股模組,BE,Bloom Energy Corporation,328.91,132.87,⭐️ 買進標的
2026-06-22,美股模組,LNVGY,Lenovo Group Limited,60.95,129.21,⭐️ 買進標的
2026-06-23,台股模組,00631L.TW,元大台灣50正2,41.32,61.62,❌ 跌破IXIC濾網
2026-06-23,台股模組,00675L.TW,富邦臺灣加權正2,364.0,63.72,❌ 跌破IXIC濾網
2026-06-23,台股模組,6669.TW,緯穎,4855.0,260.08,⭐️ 買進標的
2026-06-23,台股模組,00674R.TW,期元大S&P黃金反1,29.36,239.85,⭐️ 買進標的
2026-06-23,台股模組,2327.TW,國巨*,1065.0,188.79,⭐️ 買進標的
2026-06-23,台股模組,3090.TW,日電貿,335.5,154.35,⭐️ 買進標的
2026-06-23,台股模組,4958.TW,臻鼎-KY,622.0,116.16,⭐️ 買進標的
2026-06-23,台股模組,2493.TW,揚博,268.0,113.91,⭐️ 買進標的
2026-06-23,台股模組,3481.TW,群創,66.0,106.83,⭐️ 買進標的
2026-06-23,台股模組,2303.TW,聯電,160.0,105.25,⭐️ 買進標的
2026-06-23,台股模組,2454.TW,聯發科,4465.0,95.77,⭐️ 買進標的
2026-06-23,台股模組,2344.TW,華邦電,222.0,88.83,⭐️ 買進標的
2026-06-23,美股模組,USD,ProShares Ultra Semiconductors,110.49,94.26,⭐️ 買進標的
2026-06-23,美股模組,SOXL,Direxion Daily Semiconductor Bull 3X Shares,300.77,432.34,⭐️ 買進標的 (釘住)
2026-06-23,美股模組,SNDK,Sandisk,2273.73,427.66,⭐️ 買進標的
2026-06-23,美股模組,BWET,Breakwave Tanker Shipping ETF,217.75,309.17,⭐️ 買進標的
2026-06-23,美股模組,AXTI,"AXT, Inc.",92.44,235.56,⭐️ 買進標的
2026-06-23,美股模組,MU,Micron Technology,1211.38,229.88,⭐️ 買進標的
2026-06-23,美股模組,WDC,Western Digital,732.62,183.48,⭐️ 買進標的
2026-06-23,美股模組,INTC,Intel,140.94,176.9,⭐️ 買進標的
2026-06-23,美股模組,STX,Seagate Technology,1094.04,169.31,⭐️ 買進標的
2026-06-23,美股模組,BE,Bloom Energy Corporation,345.85,167.41,⭐️ 買進標的
2026-06-23,美股模組,DELL,Dell Technologies,418.71,156.2,⭐️ 買進標的
2026-06-23,美股模組,CRDO,Credo Technology Group Holding Ltd,302.52,127.81,⭐️ 買進標的
2026-06-23,台股模組,00631L.TW,元大台灣50正2,40.2,55.95,❌ 跌破IXIC濾網
2026-06-23,台股模組,00675L.TW,富邦臺灣加權正2,351.8,56.11,❌ 跌破IXIC濾網
2026-06-23,台股模組,6669.TW,緯穎,4675.0,239.92,⭐️ 買進標的
2026-06-23,台股模組,00674R.TW,期元大S&P黃金反1,29.8,237.83,⭐️ 買進標的
2026-06-23,台股模組,2327.TW,國巨*,1020.0,171.21,⭐️ 買進標的
2026-06-23,台股模組,3090.TW,日電貿,302.5,129.06,⭐️ 買進標的
2026-06-23,台股模組,2303.TW,聯電,170.0,121.62,⭐️ 買進標的
2026-06-23,台股模組,2493.TW,揚博,265.0,110.59,⭐️ 買進標的
2026-06-23,台股模組,3481.TW,群創,66.0,104.23,⭐️ 買進標的
2026-06-23,台股模組,4958.TW,臻鼎-KY,587.0,98.32,⭐️ 買進標的
2026-06-23,台股模組,2454.TW,聯發科,4535.0,92.13,⭐️ 買進標的
2026-06-23,台股模組,1303.TW,南亞,154.5,87.63,⭐️ 買進標的
2026-06-23,美股模組,USD,ProShares Ultra Semiconductors,110.49,94.26,⭐️ 買進標的
2026-06-23,美股模組,SOXL,Direxion Daily Semiconductor Bull 3X Shares,300.77,432.34,⭐️ 買進標的 (釘住)
2026-06-23,美股模組,SNDK,Sandisk,2273.73,427.66,⭐️ 買進標的
2026-06-23,美股模組,BWET,Breakwave Tanker Shipping ETF,217.75,309.17,⭐️ 買進標的
2026-06-23,美股模組,AXTI,"AXT, Inc.",92.44,235.56,⭐️ 買進標的
2026-06-23,美股模組,MU,Micron Technology,1211.38,229.88,⭐️ 買進標的
2026-06-23,美股模組,WDC,Western Digital,732.62,183.48,⭐️ 買進標的
2026-06-23,美股模組,INTC,Intel,140.94,176.9,⭐️ 買進標的
2026-06-23,美股模組,STX,Seagate Technology,1094.04,169.31,⭐️ 買進標的
2026-06-23,美股模組,BE,Bloom Energy Corporation,345.85,167.41,⭐️ 買進標的
2026-06-23,美股模組,DELL,Dell Technologies,418.71,156.2,⭐️ 買進標的
2026-06-23,美股模組,CRDO,Credo Technology Group Holding Ltd,302.52,127.81,⭐️ 買進標的
2026-06-23,台股模組,00631L.TW,元大台灣50正2,40.2,55.95,⭐️ 買進標的
2026-06-23,台股模組,00675L.TW,富邦臺灣加權正2,351.8,56.11,⭐️ 買進標的
2026-06-23,台股模組,6669.TW,緯穎,4675.0,239.92,⭐️ 買進標的
2026-06-23,台股模組,00674R.TW,期元大S&P黃金反1,29.8,237.83,⭐️ 買進標的
2026-06-23,台股模組,2327.TW,國巨*,1020.0,171.21,⭐️ 買進標的
2026-06-23,台股模組,3090.TW,日電貿,302.5,129.06,⭐️ 買進標的
2026-06-23,台股模組,2303.TW,聯電,170.0,121.62,⭐️ 買進標的
2026-06-23,台股模組,2493.TW,揚博,265.0,110.59,⭐️ 買進標的
2026-06-23,台股模組,3481.TW,群創,66.0,104.23,⭐️ 買進標的
2026-06-23,台股模組,4958.TW,臻鼎-KY,587.0,98.32,⭐️ 買進標的
2026-06-23,台股模組,2454.TW,聯發科,4535.0,92.13,⭐️ 買進標的
2026-06-23,台股模組,1303.TW,南亞,154.5,87.63,⭐️ 買進標的
2026-06-23,美股模組,USD,ProShares Ultra Semiconductors,97.67,67.52,⭐️ 買進標的
2026-06-23,美股模組,SOXL,Direxion Daily Semiconductor Bull 3X Shares,232.31,290.15,⭐️ 買進標的 (釘住)
2026-06-23,美股模組,SNDK,Sandisk,1990.9,339.89,⭐️ 買進標的
2026-06-23,美股模組,BWET,Breakwave Tanker Shipping ETF,209.0,308.19,⭐️ 買進標的
2026-06-23,美股模組,MU,Micron Technology,1077.05,180.5,⭐️ 買進標的
2026-06-23,美股模組,INTC,Intel,135.13,164.51,⭐️ 買進標的
2026-06-23,美股模組,AXTI,"AXT, Inc.",81.1,157.23,⭐️ 買進標的
2026-06-23,美股模組,DELL,Dell Technologies,420.0,155.43,⭐️ 買進標的
2026-06-23,美股模組,WDC,Western Digital,663.33,146.92,⭐️ 買進標的
2026-06-23,美股模組,BE,Bloom Energy Corporation,319.02,142.36,⭐️ 買進標的
2026-06-23,美股模組,STX,Seagate Technology,1014.34,141.85,⭐️ 買進標的
2026-06-23,美股模組,LNVGY,Lenovo Group Limited,57.13,116.93,⭐️ 買進標的
2026-06-23,台股模組,00631L.TW,元大台灣50正2,40.2,55.95,⭐️ 買進標的
2026-06-23,台股模組,00675L.TW,富邦臺灣加權正2,351.8,56.11,⭐️ 買進標的
2026-06-23,台股模組,6669.TW,緯穎,4675.0,239.92,⭐️ 買進標的
2026-06-23,台股模組,00674R.TW,期元大S&P黃金反1,29.8,237.83,⭐️ 買進標的
2026-06-23,台股模組,2327.TW,國巨*,1020.0,171.21,⭐️ 買進標的
2026-06-23,台股模組,3090.TW,日電貿,302.5,129.06,⭐️ 買進標的
2026-06-23,台股模組,2303.TW,聯電,170.0,121.62,⭐️ 買進標的
2026-06-23,台股模組,2493.TW,揚博,265.0,110.59,⭐️ 買進標的
2026-06-23,台股模組,3481.TW,群創,66.0,104.23,⭐️ 買進標的
2026-06-23,台股模組,4958.TW,臻鼎-KY,587.0,98.32,⭐️ 買進標的
2026-06-23,台股模組,2454.TW,聯發科,4535.0,92.13,⭐️ 買進標的
2026-06-23,台股模組,1303.TW,南亞,154.5,87.63,⭐️ 買進標的
2026-06-23,美股模組,USD,ProShares Ultra Semiconductors,97.56,67.33,⭐️ 買進標的
2026-06-23,美股模組,SOXL,Direxion Daily Semiconductor Bull 3X Shares,231.45,288.71,⭐️ 買進標的 (釘住)
2026-06-23,美股模組,SNDK,Sandisk,1987.2,339.08,⭐️ 買進標的
2026-06-23,美股模組,BWET,Breakwave Tanker Shipping ETF,203.06,296.59,⭐️ 買進標的
2026-06-23,美股模組,MU,Micron Technology,1078.25,180.81,⭐️ 買進標的
2026-06-23,美股模組,INTC,Intel,135.51,165.26,⭐️ 買進標的
2026-06-23,美股模組,DELL,Dell Technologies,423.52,157.58,⭐️ 買進標的
2026-06-23,美股模組,AXTI,"AXT, Inc.",80.37,154.93,⭐️ 買進標的
2026-06-23,美股模組,WDC,Western Digital,666.17,147.98,⭐️ 買進標的
2026-06-23,美股模組,BE,Bloom Energy Corporation,321.0,143.86,⭐️ 買進標的
2026-06-23,美股模組,STX,Seagate Technology,1015.37,142.1,⭐️ 買進標的
2026-06-23,美股模組,LNVGY,Lenovo Group Limited,57.13,116.93,⭐️ 買進標的
2026-06-24,台股模組,00631L.TW,元大台灣50正2,41.32,61.62,⭐️ 買進標的
2026-06-24,台股模組,00675L.TW,富邦臺灣加權正2,364.0,63.72,⭐️ 買進標的
2026-06-24,台股模組,6669.TW,緯穎,4855.0,260.08,⭐️ 買進標的
2026-06-24,台股模組,00674R.TW,期元大S&P黃金反1,29.36,239.85,⭐️ 買進標的
2026-06-24,台股模組,2327.TW,國巨*,1065.0,188.79,⭐️ 買進標的
2026-06-24,台股模組,3090.TW,日電貿,335.5,154.35,⭐️ 買進標的
2026-06-24,台股模組,4958.TW,臻鼎-KY,622.0,116.16,⭐️ 買進標的
2026-06-24,台股模組,2493.TW,揚博,268.0,113.91,⭐️ 買進標的
2026-06-24,台股模組,3481.TW,群創,66.0,106.83,⭐️ 買進標的
2026-06-24,台股模組,2303.TW,聯電,160.0,105.25,⭐️ 買進標的
2026-06-24,台股模組,2454.TW,聯發科,4465.0,95.77,⭐️ 買進標的
2026-06-24,台股模組,2344.TW,華邦電,222.0,88.83,⭐️ 買進標的
2026-06-24,美股模組,USD,ProShares Ultra Semiconductors,99.48,70.62,⭐️ 買進標的
2026-06-24,美股模組,SOXL,Direxion Daily Semiconductor Bull 3X Shares,241.37,305.37,⭐️ 買進標的
2026-06-24,美股模組,SNDK,Sandisk,2014.1,345.02,⭐️ 買進標的
2026-06-24,美股模組,BWET,Breakwave Tanker Shipping ETF,197.24,285.22,⭐️ 買進標的
2026-06-24,美股模組,MU,Micron Technology,1095.11,185.2,⭐️ 買進標的
2026-06-24,美股模組,INTC,Intel,136.38,166.97,⭐️ 買進標的
2026-06-24,美股模組,DELL,Dell Technologies,431.74,162.57,⭐️ 買進標的
2026-06-24,美股模組,AXTI,"AXT, Inc.",80.43,155.11,⭐️ 買進標的
2026-06-24,美股模組,WDC,Western Digital,676.9,151.97,⭐️ 買進標的
2026-06-24,美股模組,BE,Bloom Energy Corporation,328.25,149.37,⭐️ 買進標的
2026-06-24,美股模組,STX,Seagate Technology,1030.94,145.81,⭐️ 買進標的
2026-06-24,美股模組,LNVGY,Lenovo Group Limited,57.11,116.85,⭐️ 買進標的
2026-06-24,台股模組,00631L.TW,元大台灣50正2,41.32,61.62,⭐️ 買進標的
2026-06-24,台股模組,00675L.TW,富邦臺灣加權正2,364.0,63.72,⭐️ 買進標的
2026-06-24,台股模組,6669.TW,緯穎,4675.0,239.92,⭐️ 買進標的
2026-06-24,台股模組,00674R.TW,期元大S&P黃金反1,29.36,239.85,⭐️ 買進標的
2026-06-24,台股模組,2327.TW,國巨*,1020.0,171.21,⭐️ 買進標的
2026-06-24,台股模組,3090.TW,日電貿,302.5,129.06,⭐️ 買進標的
2026-06-24,台股模組,2303.TW,聯電,170.0,121.62,⭐️ 買進標的
2026-06-24,台股模組,2493.TW,揚博,265.0,110.59,⭐️ 買進標的
2026-06-24,台股模組,3481.TW,群創,66.0,104.23,⭐️ 買進標的
2026-06-24,台股模組,4958.TW,臻鼎-KY,587.0,98.32,⭐️ 買進標的
2026-06-24,台股模組,2454.TW,聯發科,4535.0,92.13,⭐️ 買進標的
2026-06-24,台股模組,1303.TW,南亞,154.5,87.63,⭐️ 買進標的
2026-06-24,美股模組,USD,ProShares Ultra Semiconductors,96.85,66.11,⭐️ 買進標的
2026-06-24,美股模組,SOXL,Direxion Daily Semiconductor Bull 3X Shares,231.42,288.66,⭐️ 買進標的
2026-06-24,美股模組,SNDK,Sandisk,1963.6,333.86,⭐️ 買進標的
2026-06-24,美股模組,BWET,Breakwave Tanker Shipping ETF,205.81,301.96,⭐️ 買進標的
2026-06-24,美股模組,MU,Micron Technology,1051.77,173.91,⭐️ 買進標的
2026-06-24,美股模組,DELL,Dell Technologies,427.78,160.16,⭐️ 買進標的
2026-06-24,美股模組,INTC,Intel,132.28,158.94,⭐️ 買進標的
2026-06-24,美股模組,WDC,Western Digital,670.75,149.69,⭐️ 買進標的
2026-06-24,美股模組,STX,Seagate Technology,1038.59,147.63,⭐️ 買進標的
2026-06-24,美股模組,AXTI,"AXT, Inc.",77.91,147.13,⭐️ 買進標的
2026-06-24,美股模組,BE,Bloom Energy Corporation,321.98,144.61,⭐️ 買進標的
2026-06-24,美股模組,LNVGY,Lenovo Group Limited,57.13,116.93,⭐️ 買進標的
2026-06-24,台股模組,00631L.TW,元大台灣50正2,38.08,49.69,⭐️ 買進標的
2026-06-24,台股模組,00675L.TW,富邦臺灣加權正2,335.05,50.62,⭐️ 買進標的
2026-06-24,台股模組,00674R.TW,期元大S&P黃金反1,30.22,221.39,⭐️ 買進標的
2026-06-24,台股模組,2327.TW,國巨*,1050.0,185.52,⭐️ 買進標的
2026-06-24,台股模組,2303.TW,聯電,178.0,128.17,⭐️ 買進標的
2026-06-24,台股模組,3090.TW,日電貿,303.0,126.96,⭐️ 買進標的
2026-06-24,台股模組,3481.TW,群創,69.4,114.31,⭐️ 買進標的
2026-06-24,台股模組,2493.TW,揚博,265.0,109.93,⭐️ 買進標的
2026-06-24,台股模組,4958.TW,臻鼎-KY,587.0,102.88,⭐️ 買進標的
2026-06-24,台股模組,8454.TW,富邦媒,348.0,97.23,⭐️ 買進標的
2026-06-24,台股模組,1303.TW,南亞,156.0,95.24,⭐️ 買進標的
2026-06-24,台股模組,2059.TW,川湖,7505.0,85.72,⭐️ 買進標的
2026-06-24,美股模組,USD,ProShares Ultra Semiconductors,96.85,66.11,⭐️ 買進標的
2026-06-24,美股模組,SOXL,Direxion Daily Semiconductor Bull 3X Shares,231.42,288.66,⭐️ 買進標的
2026-06-24,美股模組,SNDK,Sandisk,1963.6,333.86,⭐️ 買進標的
2026-06-24,美股模組,BWET,Breakwave Tanker Shipping ETF,205.81,301.96,⭐️ 買進標的
2026-06-24,美股模組,MU,Micron Technology,1051.77,173.91,⭐️ 買進標的
2026-06-24,美股模組,DELL,Dell Technologies,427.78,160.16,⭐️ 買進標的
2026-06-24,美股模組,INTC,Intel,132.28,158.94,⭐️ 買進標的
2026-06-24,美股模組,WDC,Western Digital,670.75,149.69,⭐️ 買進標的
2026-06-24,美股模組,STX,Seagate Technology,1038.59,147.63,⭐️ 買進標的
2026-06-24,美股模組,AXTI,"AXT, Inc.",77.91,147.13,⭐️ 買進標的
2026-06-24,美股模組,BE,Bloom Energy Corporation,321.98,144.61,⭐️ 買進標的
2026-06-24,美股模組,LNVGY,Lenovo Group Limited,57.16,117.04,⭐️ 買進標的
2026-06-25,台股模組,00631L.TW,元大台灣50正2,40.2,55.95,⭐️ 買進標的
2026-06-25,台股模組,00675L.TW,富邦臺灣加權正2,351.8,56.11,⭐️ 買進標的
2026-06-25,台股模組,00674R.TW,期元大S&P黃金反1,29.8,237.83,⭐️ 買進標的
2026-06-25,台股模組,2327.TW,國巨*,1050.0,185.52,⭐️ 買進標的
2026-06-25,台股模組,2303.TW,聯電,178.0,128.17,⭐️ 買進標的
2026-06-25,台股模組,3090.TW,日電貿,303.0,126.96,⭐️ 買進標的
2026-06-25,台股模組,3481.TW,群創,69.4,114.31,⭐️ 買進標的
2026-06-25,台股模組,2493.TW,揚博,265.0,109.93,⭐️ 買進標的
2026-06-25,台股模組,4958.TW,臻鼎-KY,587.0,102.88,⭐️ 買進標的
2026-06-25,台股模組,8454.TW,富邦媒,348.0,97.23,⭐️ 買進標的
2026-06-25,台股模組,1303.TW,南亞,156.0,95.24,⭐️ 買進標的
2026-06-25,台股模組,2059.TW,川湖,7505.0,85.72,⭐️ 買進標的
2026-06-25,美股模組,USD,ProShares Ultra Semiconductors,96.1,59.97,⭐️ 買進標的
2026-06-25,美股模組,SOXL,Direxion Daily Semiconductor Bull 3X Shares,229.57,262.81,⭐️ 買進標的
2026-06-25,美股模組,SNDK,Sandisk,1914.46,302.57,⭐️ 買進標的
2026-06-25,美股模組,MU,Micron Technology,1048.51,166.48,⭐️ 買進標的
2026-06-25,美股模組,INTC,Intel,131.65,155.4,⭐️ 買進標的
2026-06-25,美股模組,DELL,Dell Technologies,434.06,146.36,⭐️ 買進標的
2026-06-25,美股模組,WDC,Western Digital,643.83,134.24,⭐️ 買進標的
2026-06-25,美股模組,BE,Bloom Energy Corporation,326.19,132.89,⭐️ 買進標的
2026-06-25,美股模組,STX,Seagate Technology,993.25,130.99,⭐️ 買進標的
2026-06-25,美股模組,LNVGY,Lenovo Group Limited,58.3,112.42,⭐️ 買進標的
2026-06-25,美股模組,AXTI,"AXT, Inc.",70.14,110.35,⭐️ 買進標的
2026-06-25,美股模組,AMD,Advanced Micro Devices,519.74,102.59,⭐️ 買進標的
2026-06-25,台股模組,00631L.TW,元大台灣50正2,38.16,50.19,⭐️ 買進標的
2026-06-25,台股模組,00675L.TW,富邦臺灣加權正2,337.2,51.54,⭐️ 買進標的
2026-06-25,台股模組,00674R.TW,期元大S&P黃金反1,30.82,226.37,⭐️ 買進標的
2026-06-25,台股模組,2327.TW,國巨*,1125.0,211.87,⭐️ 買進標的
2026-06-25,台股模組,3090.TW,日電貿,321.0,144.98,⭐️ 買進標的
2026-06-25,台股模組,3481.TW,群創,70.9,127.4,⭐️ 買進標的
2026-06-25,台股模組,2303.TW,聯電,178.5,126.36,⭐️ 買進標的
2026-06-25,台股模組,2493.TW,揚博,288.5,124.96,⭐️ 買進標的
2026-06-25,台股模組,4958.TW,臻鼎-KY,602.0,109.96,⭐️ 買進標的
2026-06-25,台股模組,1303.TW,南亞,155.0,92.54,⭐️ 買進標的
2026-06-25,台股模組,8454.TW,富邦媒,338.5,89.87,⭐️ 買進標的
2026-06-25,台股模組,2408.TW,南亞科,477.0,88.74,⭐️ 買進標的
2026-06-25,美股模組,USD,ProShares Ultra Semiconductors,96.1,60.21,⭐️ 買進標的
2026-06-25,美股模組,SOXL,Direxion Daily Semiconductor Bull 3X Shares,229.57,262.81,⭐️ 買進標的
2026-06-25,美股模組,SNDK,Sandisk,1914.46,302.57,⭐️ 買進標的
2026-06-25,美股模組,BWET,Breakwave Tanker Shipping ETF,167.55,222.46,⭐️ 買進標的
2026-06-25,美股模組,MU,Micron Technology,1048.51,166.48,⭐️ 買進標的
2026-06-25,美股模組,INTC,Intel,131.65,155.4,⭐️ 買進標的
2026-06-25,美股模組,DELL,Dell Technologies,434.06,146.36,⭐️ 買進標的
2026-06-25,美股模組,WDC,Western Digital,643.83,134.24,⭐️ 買進標的
2026-06-25,美股模組,BE,Bloom Energy Corporation,326.19,132.89,⭐️ 買進標的
2026-06-25,美股模組,STX,Seagate Technology,993.25,131.15,⭐️ 買進標的
2026-06-25,美股模組,LNVGY,Lenovo Group Limited,58.3,112.42,⭐️ 買進標的
2026-06-25,美股模組,AXTI,"AXT, Inc.",70.14,110.35,⭐️ 買進標的
2026-06-26,台股模組,00631L.TW,元大台灣50正2,38.08,49.69,⭐️ 買進標的
2026-06-26,台股模組,00675L.TW,富邦臺灣加權正2,335.05,50.62,⭐️ 買進標的
2026-06-26,台股模組,00674R.TW,期元大S&P黃金反1,30.22,221.39,⭐️ 買進標的
2026-06-26,台股模組,2327.TW,國巨*,1125.0,211.87,⭐️ 買進標的
2026-06-26,台股模組,3090.TW,日電貿,321.0,144.98,⭐️ 買進標的
2026-06-26,台股模組,3481.TW,群創,70.9,127.4,⭐️ 買進標的
2026-06-26,台股模組,2303.TW,聯電,178.5,126.36,⭐️ 買進標的
2026-06-26,台股模組,2493.TW,揚博,288.5,124.96,⭐️ 買進標的
2026-06-26,台股模組,4958.TW,臻鼎-KY,602.0,109.96,⭐️ 買進標的
2026-06-26,台股模組,1303.TW,南亞,155.0,92.54,⭐️ 買進標的
2026-06-26,台股模組,8454.TW,富邦媒,338.5,89.87,⭐️ 買進標的
2026-06-26,台股模組,2408.TW,南亞科,477.0,88.74,⭐️ 買進標的
2026-06-26,美股模組,USD,ProShares Ultra Semiconductors,100.65,62.46,⭐️ 買進標的
2026-06-26,美股模組,SOXL,Direxion Daily Semiconductor Bull 3X Shares,252.61,279.56,⭐️ 買進標的
2026-06-26,美股模組,SNDK,Sandisk,2335.0,386.68,⭐️ 買進標的
2026-06-26,美股模組,DD,DuPont,137.8,212.03,⭐️ 買進標的
2026-06-26,美股模組,BWET,Breakwave Tanker Shipping ETF,150.0,211.5,⭐️ 買進標的
2026-06-26,美股模組,MU,Micron Technology,1213.56,197.44,⭐️ 買進標的
2026-06-26,美股模組,INTC,Intel,132.87,151.51,⭐️ 買進標的
2026-06-26,美股模組,WDC,Western Digital,675.39,146.42,⭐️ 買進標的
2026-06-26,美股模組,STX,Seagate Technology,1025.36,144.66,⭐️ 買進標的
2026-06-26,美股模組,DELL,Dell Technologies,409.45,127.74,⭐️ 買進標的
2026-06-26,美股模組,BE,Bloom Energy Corporation,309.18,114.39,⭐️ 買進標的
2026-06-26,美股模組,LNVGY,Lenovo Group Limited,60.5,112.38,⭐️ 買進標的
2026-06-26,台股模組,00631L.TW,元大台灣50正2,35.26,36.87,⭐️ 買進標的
2026-06-26,台股模組,00675L.TW,富邦臺灣加權正2,309.0,31.99,⭐️ 買進標的
2026-06-26,台股模組,00674R.TW,期元大S&P黃金反1,30.59,237.04,⭐️ 買進標的
2026-06-26,台股模組,2327.TW,國巨*,1015.0,169.51,⭐️ 買進標的
2026-06-26,台股模組,3090.TW,日電貿,310.0,132.7,⭐️ 買進標的
2026-06-26,台股模組,2493.TW,揚博,272.0,110.28,⭐️ 買進標的
2026-06-26,台股模組,2303.TW,聯電,164.0,95.89,⭐️ 買進標的
2026-06-26,台股模組,3481.TW,群創,65.0,95.87,⭐️ 買進標的
2026-06-26,台股模組,4958.TW,臻鼎-KY,580.0,95.6,⭐️ 買進標的
2026-06-26,台股模組,8454.TW,富邦媒,325.5,79.88,⭐️ 買進標的
2026-06-26,台股模組,1303.TW,南亞,148.0,74.86,⭐️ 買進標的
2026-06-26,台股模組,3008.TW,大立光,4720.0,73.64,⭐️ 買進標的
2026-06-26,美股模組,USD,ProShares Ultra Semiconductors,100.65,62.46,⭐️ 買進標的
2026-06-26,美股模組,SOXL,Direxion Daily Semiconductor Bull 3X Shares,252.61,279.56,❌ 跌破TWII濾網
2026-06-26,美股模組,SNDK,Sandisk,2335.0,386.68,⭐️ 買進標的
2026-06-26,美股模組,BWET,Breakwave Tanker Shipping ETF,150.0,211.5,⭐️ 買進標的
2026-06-26,美股模組,DD,DuPont,137.8,206.63,⭐️ 買進標的
2026-06-26,美股模組,MU,Micron Technology,1213.56,197.44,⭐️ 買進標的
2026-06-26,美股模組,INTC,Intel,132.87,151.51,⭐️ 買進標的
2026-06-26,美股模組,WDC,Western Digital,675.39,146.42,⭐️ 買進標的
2026-06-26,美股模組,STX,Seagate Technology,1025.36,144.66,⭐️ 買進標的
2026-06-26,美股模組,DELL,Dell Technologies,409.45,127.74,⭐️ 買進標的
2026-06-26,美股模組,BE,Bloom Energy Corporation,309.18,114.39,⭐️ 買進標的
2026-06-26,美股模組,LNVGY,Lenovo Group Limited,60.5,112.38,⭐️ 買進標的
2026-06-29,台股模組,00631L.TW,元大台灣50正2,35.26,36.87,⭐️ 買進標的
2026-06-29,台股模組,00675L.TW,富邦臺灣加權正2,309.0,31.99,⭐️ 買進標的
2026-06-29,台股模組,00674R.TW,期元大S&P黃金反1,30.59,237.04,⭐️ 買進標的
2026-06-29,台股模組,2327.TW,國巨*,1015.0,169.51,⭐️ 買進標的
2026-06-29,台股模組,3090.TW,日電貿,310.0,132.7,⭐️ 買進標的
2026-06-29,台股模組,2493.TW,揚博,272.0,110.28,⭐️ 買進標的
2026-06-29,台股模組,2303.TW,聯電,164.0,95.89,⭐️ 買進標的
2026-06-29,台股模組,3481.TW,群創,65.0,95.87,⭐️ 買進標的
2026-06-29,台股模組,4958.TW,臻鼎-KY,580.0,95.6,⭐️ 買進標的
2026-06-29,台股模組,8454.TW,富邦媒,325.5,79.88,⭐️ 買進標的
2026-06-29,台股模組,1303.TW,南亞,148.0,74.86,⭐️ 買進標的
2026-06-29,台股模組,3008.TW,大立光,4720.0,73.64,⭐️ 買進標的
2026-06-29,美股模組,USD,ProShares Ultra Semiconductors,92.56,53.39,⭐️ 買進標的
2026-06-29,美股模組,SOXL,Direxion Daily Semiconductor Bull 3X Shares,215.6,244.18,❌ 跌破TWII濾網
2026-06-29,美股模組,SNDK,Sandisk,2090.71,343.94,⭐️ 買進標的
2026-06-29,美股模組,MU,Micron Technology,1132.33,183.62,⭐️ 買進標的
2026-06-29,美股模組,BWET,Breakwave Tanker Shipping ETF,128.0,183.12,⭐️ 買進標的
2026-06-29,美股模組,INTC,Intel,128.32,149.79,⭐️ 買進標的
2026-06-29,美股模組,DELL,Dell Technologies,399.49,124.71,⭐️ 買進標的
2026-06-29,美股模組,STX,Seagate Technology,899.9,120.33,⭐️ 買進標的
2026-06-29,美股模組,AXTI,"AXT, Inc.",70.15,118.73,⭐️ 買進標的
2026-06-29,美股模組,WDC,Western Digital,586.45,118.13,⭐️ 買進標的
2026-06-29,美股模組,HON,Honeywell,464.42,117.23,⭐️ 買進標的
2026-06-29,美股模組,LNVGY,Lenovo Group Limited,60.47,110.18,⭐️ 買進標的
2026-06-29,台股模組,00631L.TW,元大台灣50正2,36.28,42.68,⭐️ 買進標的
2026-06-29,台股模組,00675L.TW,富邦臺灣加權正2,318.6,39.21,⭐️ 買進標的
2026-06-29,台股模組,00674R.TW,期元大S&P黃金反1,30.34,228.59,⭐️ 買進標的
2026-06-29,台股模組,2327.TW,國巨*,1040.0,170.48,⭐️ 買進標的
2026-06-29,台股模組,3090.TW,日電貿,304.0,137.23,⭐️ 買進標的
2026-06-29,台股模組,3481.TW,群創,67.0,110.96,⭐️ 買進標的
2026-06-29,台股模組,2493.TW,揚博,266.0,105.89,⭐️ 買進標的
2026-06-29,台股模組,2303.TW,聯電,164.0,98.64,⭐️ 買進標的
2026-06-29,台股模組,4958.TW,臻鼎-KY,573.0,91.37,⭐️ 買進標的
2026-06-29,台股模組,1303.TW,南亞,151.5,84.97,⭐️ 買進標的
2026-06-29,台股模組,2344.TW,華邦電,203.0,76.77,⭐️ 買進標的
2026-06-29,台股模組,2409.TW,友達,30.6,75.55,⭐️ 買進標的
2026-06-29,美股模組,USD,ProShares Ultra Semiconductors,92.56,53.39,⭐️ 買進標的
2026-06-29,美股模組,SOXL,Direxion Daily Semiconductor Bull 3X Shares,215.6,244.18,❌ 跌破TWII濾網
2026-06-29,美股模組,SNDK,Sandisk,2090.71,343.94,⭐️ 買進標的
2026-06-29,美股模組,MU,Micron Technology,1132.33,183.62,⭐️ 買進標的
2026-06-29,美股模組,BWET,Breakwave Tanker Shipping ETF,128.0,183.12,⭐️ 買進標的
2026-06-29,美股模組,INTC,Intel,128.32,149.79,⭐️ 買進標的
2026-06-29,美股模組,DELL,Dell Technologies,399.49,124.71,⭐️ 買進標的
2026-06-29,美股模組,STX,Seagate Technology,899.9,120.33,⭐️ 買進標的
2026-06-29,美股模組,AXTI,"AXT, Inc.",70.15,118.73,⭐️ 買進標的
2026-06-29,美股模組,WDC,Western Digital,586.45,118.13,⭐️ 買進標的
2026-06-29,美股模組,HON,Honeywell,464.42,117.23,⭐️ 買進標的
2026-06-29,美股模組,LNVGY,Lenovo Group Limited,60.47,110.18,⭐️ 買進標的
2026-06-30,台股模組,00631L.TW,元大台灣50正2,36.28,42.68,⭐️ 買進標的
2026-06-30,台股模組,00675L.TW,富邦臺灣加權正2,318.6,39.21,⭐️ 買進標的
2026-06-30,台股模組,00674R.TW,期元大S&P黃金反1,30.59,237.04,⭐️ 買進標的
2026-06-30,台股模組,2327.TW,國巨*,1040.0,170.48,⭐️ 買進標的
2026-06-30,台股模組,3090.TW,日電貿,304.0,137.23,⭐️ 買進標的
2026-06-30,台股模組,3481.TW,群創,67.0,110.96,⭐️ 買進標的
2026-06-30,台股模組,2493.TW,揚博,266.0,105.89,⭐️ 買進標的
2026-06-30,台股模組,2303.TW,聯電,164.0,98.64,⭐️ 買進標的
2026-06-30,台股模組,4958.TW,臻鼎-KY,573.0,91.37,⭐️ 買進標的
2026-06-30,台股模組,1303.TW,南亞,151.5,84.97,⭐️ 買進標的
2026-06-30,台股模組,2344.TW,華邦電,203.0,76.77,⭐️ 買進標的
2026-06-30,台股模組,2409.TW,友達,30.6,75.55,⭐️ 買進標的
2026-06-30,美股模組,USD,ProShares Ultra Semiconductors,98.04,64.53,⭐️ 買進標的
2026-06-30,美股模組,SOXL,Direxion Daily Semiconductor Bull 3X Shares,236.52,282.58,❌ 跌破TWII濾網
2026-06-30,美股模組,SNDK,Sandisk,2050.39,325.91,⭐️ 買進標的
2026-06-30,美股模組,BWET,Breakwave Tanker Shipping ETF,154.12,226.47,⭐️ 買進標的
2026-06-30,美股模組,MU,Micron Technology,1145.28,181.53,⭐️ 買進標的
2026-06-30,美股模組,INTC,Intel,131.72,159.54,⭐️ 買進標的
2026-06-30,美股模組,WDC,Western Digital,651.88,140.96,⭐️ 買進標的
2026-06-30,美股模組,STX,Seagate Technology,968.53,135.14,⭐️ 買進標的
2026-06-30,美股模組,DELL,Dell Technologies,414.61,132.74,⭐️ 買進標的
2026-06-30,美股模組,AXTI,"AXT, Inc.",71.46,118.57,⭐️ 買進標的
2026-06-30,美股模組,AMAT,Applied Materials,694.64,109.26,⭐️ 買進標的
2026-06-30,美股模組,AMD,Advanced Micro Devices,539.49,107.37,⭐️ 買進標的
2026-06-30,台股模組,00631L.TW,元大台灣50正2,38.42,47.37,⭐️ 買進標的
2026-06-30,台股模組,00675L.TW,富邦臺灣加權正2,338.4,45.48,⭐️ 買進標的
2026-06-30,台股模組,00674R.TW,期元大S&P黃金反1,30.88,233.55,⭐️ 買進標的
2026-06-30,台股模組,2327.TW,國巨*,1140.0,198.59,⭐️ 買進標的
2026-06-30,台股模組,3090.TW,日電貿,322.5,137.86,⭐️ 買進標的
2026-06-30,台股模組,2493.TW,揚博,292.5,120.26,⭐️ 買進標的
2026-06-30,台股模組,3481.TW,群創,68.7,110.62,⭐️ 買進標的
2026-06-30,台股模組,4958.TW,臻鼎-KY,630.0,99.48,⭐️ 買進標的
2026-06-30,台股模組,2303.TW,聯電,164.5,99.22,⭐️ 買進標的
2026-06-30,台股模組,1303.TW,南亞,166.5,97.06,⭐️ 買進標的
2026-06-30,台股模組,3189.TW,景碩,891.0,87.67,⭐️ 買進標的
2026-06-30,台股模組,2409.TW,友達,32.7,84.63,⭐️ 買進標的
2026-06-30,美股模組,USD,ProShares Ultra Semiconductors,98.04,64.53,⭐️ 買進標的
2026-06-30,美股模組,SOXL,Direxion Daily Semiconductor Bull 3X Shares,236.52,282.58,⭐️ 買進標的
2026-06-30,美股模組,SNDK,Sandisk,2050.39,325.91,⭐️ 買進標的
2026-06-30,美股模組,BWET,Breakwave Tanker Shipping ETF,154.12,226.47,⭐️ 買進標的
2026-06-30,美股模組,MU,Micron Technology,1145.28,181.53,⭐️ 買進標的
2026-06-30,美股模組,INTC,Intel,131.72,159.54,⭐️ 買進標的
2026-06-30,美股模組,WDC,Western Digital,651.88,140.96,⭐️ 買進標的
2026-06-30,美股模組,STX,Seagate Technology,968.53,135.14,⭐️ 買進標的
2026-06-30,美股模組,DELL,Dell Technologies,414.61,132.74,⭐️ 買進標的
2026-06-30,美股模組,AXTI,"AXT, Inc.",71.46,118.57,⭐️ 買進標的
2026-06-30,美股模組,AMAT,Applied Materials,694.64,109.26,⭐️ 買進標的
2026-06-30,美股模組,AMD,Advanced Micro Devices,539.49,107.37,⭐️ 買進標的
2026-07-01,台股模組,00631L.TW,元大台灣50正2,36.28,42.68,⭐️ 買進標的
2026-07-01,台股模組,00675L.TW,富邦臺灣加權正2,318.6,39.21,⭐️ 買進標的
2026-07-01,台股模組,00674R.TW,期元大S&P黃金反1,30.34,228.59,⭐️ 買進標的
2026-07-01,台股模組,2327.TW,國巨*,1140.0,198.59,⭐️ 買進標的
2026-07-01,台股模組,3090.TW,日電貿,322.5,137.86,⭐️ 買進標的
2026-07-01,台股模組,2493.TW,揚博,292.5,120.26,⭐️ 買進標的
2026-07-01,台股模組,3481.TW,群創,68.7,110.62,⭐️ 買進標的
2026-07-01,台股模組,4958.TW,臻鼎-KY,630.0,99.48,⭐️ 買進標的
2026-07-01,台股模組,2303.TW,聯電,164.5,99.22,⭐️ 買進標的
2026-07-01,台股模組,1303.TW,南亞,166.5,97.06,⭐️ 買進標的
2026-07-01,台股模組,3189.TW,景碩,891.0,87.67,⭐️ 買進標的
2026-07-01,台股模組,2409.TW,友達,32.7,84.63,⭐️ 買進標的
2026-07-01,美股模組,USD,ProShares Ultra Semiconductors,104.26,78.45,⭐️ 買進標的
2026-07-01,美股模組,SOXL,Direxion Daily Semiconductor Bull 3X Shares,266.71,359.59,❌ 跌破TWII濾網
2026-07-01,美股模組,SNDK,Sandisk,2273.73,380.2,⭐️ 買進標的
2026-07-01,美股模組,BWET,Breakwave Tanker Shipping ETF,148.38,214.04,⭐️ 買進標的
2026-07-01,美股模組,MU,Micron Technology,1154.29,194.41,⭐️ 買進標的
2026-07-01,美股模組,INTC,Intel,139.63,182.15,⭐️ 買進標的
2026-07-01,美股模組,WDC,Western Digital,638.72,142.07,⭐️ 買進標的
2026-07-01,美股模組,STX,Seagate Technology,965.0,138.06,⭐️ 買進標的
2026-07-01,美股模組,DELL,Dell Technologies,431.46,133.9,⭐️ 買進標的
2026-07-01,美股模組,BE,Bloom Energy Corporation,302.7,131.72,⭐️ 買進標的
2026-07-01,美股模組,AMD,Advanced Micro Devices,580.91,126.36,⭐️ 買進標的
2026-07-01,美股模組,AXTI,"AXT, Inc.",72.08,125.18,⭐️ 買進標的
2026-07-01,台股模組,00631L.TW,元大台灣50正2,39.48,50.25,⭐️ 買進標的
2026-07-01,台股模組,00675L.TW,富邦臺灣加權正2,345.8,50.93,⭐️ 買進標的
2026-07-01,台股模組,00674R.TW,期元大S&P黃金反1,30.96,238.73,⭐️ 買進標的
2026-07-01,台股模組,2327.TW,國巨*,1140.0,195.19,⭐️ 買進標的
2026-07-01,台股模組,2493.TW,揚博,317.0,149.68,⭐️ 買進標的
2026-07-01,台股模組,3090.TW,日電貿,316.0,136.65,⭐️ 買進標的
2026-07-01,台股模組,2303.TW,聯電,169.0,106.12,⭐️ 買進標的
2026-07-01,台股模組,3481.TW,群創,67.4,101.61,⭐️ 買進標的
2026-07-01,台股模組,1303.TW,南亞,183.0,97.52,⭐️ 買進標的
2026-07-01,台股模組,2454.TW,聯發科,4335.0,91.13,⭐️ 買進標的
2026-07-01,台股模組,4958.TW,臻鼎-KY,603.0,89.42,⭐️ 買進標的
2026-07-01,台股模組,3189.TW,景碩,888.0,85.5,⭐️ 買進標的
2026-07-01,美股模組,USD,ProShares Ultra Semiconductors,104.26,78.45,⭐️ 買進標的
2026-07-01,美股模組,SOXL,Direxion Daily Semiconductor Bull 3X Shares,266.71,359.59,⭐️ 買進標的
2026-07-01,美股模組,SNDK,Sandisk,2273.73,380.2,⭐️ 買進標的
2026-07-01,美股模組,BWET,Breakwave Tanker Shipping ETF,148.38,214.04,⭐️ 買進標的
2026-07-01,美股模組,MU,Micron Technology,1154.29,194.41,⭐️ 買進標的
2026-07-01,美股模組,INTC,Intel,139.63,182.15,⭐️ 買進標的
2026-07-01,美股模組,WDC,Western Digital,638.72,142.07,⭐️ 買進標的
2026-07-01,美股模組,STX,Seagate Technology,965.0,138.06,⭐️ 買進標的
2026-07-01,美股模組,DELL,Dell Technologies,431.46,133.9,⭐️ 買進標的
2026-07-01,美股模組,BE,Bloom Energy Corporation,302.7,131.72,⭐️ 買進標的
2026-07-01,美股模組,AMD,Advanced Micro Devices,580.91,126.36,⭐️ 買進標的
2026-07-01,美股模組,AXTI,"AXT, Inc.",72.08,125.18,⭐️ 買進標的
2026-07-02,台股模組,00631L.TW,元大台灣50正2,38.42,47.37,⭐️ 買進標的
2026-07-02,台股模組,00675L.TW,富邦臺灣加權正2,338.4,45.48,⭐️ 買進標的
2026-07-02,台股模組,00674R.TW,期元大S&P黃金反1,30.88,233.55,⭐️ 買進標的
2026-07-02,台股模組,2327.TW,國巨*,1140.0,195.19,⭐️ 買進標的
2026-07-02,台股模組,2493.TW,揚博,317.0,149.68,⭐️ 買進標的
2026-07-02,台股模組,3090.TW,日電貿,311.2,136.65,⭐️ 買進標的
2026-07-02,台股模組,2303.TW,聯電,169.0,106.12,⭐️ 買進標的
2026-07-02,台股模組,3481.TW,群創,67.4,101.61,⭐️ 買進標的
2026-07-02,台股模組,1303.TW,南亞,183.0,97.52,⭐️ 買進標的
2026-07-02,台股模組,2454.TW,聯發科,4335.0,91.13,⭐️ 買進標的
2026-07-02,台股模組,4958.TW,臻鼎-KY,603.0,89.42,⭐️ 買進標的
2026-07-02,台股模組,3189.TW,景碩,886.48,85.5,⭐️ 買進標的
2026-07-02,美股模組,USD,ProShares Ultra Semiconductors,94.8,54.18,⭐️ 買進標的
2026-07-02,美股模組,SOXL,Direxion Daily Semiconductor Bull 3X Shares,217.55,248.79,⭐️ 買進標的
2026-07-02,美股模組,SNDK,Sandisk,2032.22,322.42,⭐️ 買進標的
2026-07-02,美股模組,BWET,Breakwave Tanker Shipping ETF,148.98,230.47,⭐️ 買進標的
2026-07-02,美股模組,MU,Micron Technology,1032.28,152.02,⭐️ 買進標的
2026-07-02,美股模組,INTC,Intel,127.02,150.1,⭐️ 買進標的
2026-07-02,美股模組,DELL,Dell Technologies,425.25,129.1,⭐️ 買進標的
2026-07-02,美股模組,WDC,Western Digital,598.37,121.37,⭐️ 買進標的
2026-07-02,美股模組,STX,Seagate Technology,915.19,119.78,⭐️ 買進標的
2026-07-02,美股模組,BE,Bloom Energy Corporation,289.5,115.66,⭐️ 買進標的
2026-07-02,美股模組,AMD,Advanced Micro Devices,540.88,107.59,⭐️ 買進標的
2026-07-02,美股模組,AXTI,"AXT, Inc.",65.03,106.4,⭐️ 買進標的
2026-07-02,台股模組,00631L.TW,元大台灣50正2,38.88,52.21,⭐️ 買進標的
2026-07-02,台股模組,00675L.TW,富邦臺灣加權正2,340.8,52.41,⭐️ 買進標的
2026-07-02,台股模組,00674R.TW,期元大S&P黃金反1,30.27,233.56,⭐️ 買進標的
2026-07-02,台股模組,2327.TW,國巨*,1055.0,180.99,⭐️ 買進標的
2026-07-02,台股模組,2493.TW,揚博,324.5,164.17,⭐️ 買進標的
2026-07-02,台股模組,3090.TW,日電貿,311.0,146.25,⭐️ 買進標的
2026-07-02,台股模組,1303.TW,南亞,197.0,120.84,⭐️ 買進標的
2026-07-02,台股模組,3481.TW,群創,67.6,106.52,⭐️ 買進標的
2026-07-02,台股模組,2303.TW,聯電,165.5,104.94,⭐️ 買進標的
2026-07-02,台股模組,4958.TW,臻鼎-KY,598.0,103.68,⭐️ 買進標的
2026-07-02,台股模組,2059.TW,川湖,7880.0,101.73,⭐️ 買進標的
2026-07-02,台股模組,2454.TW,聯發科,4345.0,93.82,⭐️ 買進標的
2026-07-02,美股模組,USD,ProShares Ultra Semiconductors,94.8,54.18,⭐️ 買進標的
2026-07-02,美股模組,SOXL,Direxion Daily Semiconductor Bull 3X Shares,217.55,248.79,⭐️ 買進標的
2026-07-02,美股模組,SNDK,Sandisk,2032.22,322.42,⭐️ 買進標的
2026-07-02,美股模組,BWET,Breakwave Tanker Shipping ETF,148.98,230.47,⭐️ 買進標的
2026-07-02,美股模組,MU,Micron Technology,1032.28,152.02,⭐️ 買進標的
2026-07-02,美股模組,INTC,Intel,127.02,150.1,⭐️ 買進標的
2026-07-02,美股模組,DELL,Dell Technologies,425.25,129.1,⭐️ 買進標的
2026-07-02,美股模組,WDC,Western Digital,598.37,121.37,⭐️ 買進標的
2026-07-02,美股模組,STX,Seagate Technology,915.19,119.78,⭐️ 買進標的
2026-07-02,美股模組,BE,Bloom Energy Corporation,289.5,115.66,⭐️ 買進標的
2026-07-02,美股模組,AMD,Advanced Micro Devices,540.88,107.59,⭐️ 買進標的
2026-07-02,美股模組,AXTI,"AXT, Inc.",65.03,106.4,⭐️ 買進標的
2026-07-03,台股模組,00631L.TW,元大台灣50正2,39.49,50.29,⭐️ 買進標的
2026-07-03,台股模組,00675L.TW,富邦臺灣加權正2,345.47,50.79,⭐️ 買進標的
2026-07-03,台股模組,00643K.TW,群益深証中小+R,20.86,418.27,⭐️ 買進標的
2026-07-03,台股模組,00625K.TW,富邦上証+R(人民幣),42.2,388.8,⭐️ 買進標的
2026-07-03,台股模組,00657K.TW,國泰日經225+U(美元),82.22,280.63,⭐️ 買進標的
2026-07-03,台股模組,00674R.TW,期元大S&P黃金反1,30.22,230.64,⭐️ 買進標的
2026-07-03,台股模組,2327.TW,國巨*,1055.0,180.99,⭐️ 買進標的
2026-07-03,台股模組,2493.TW,揚博,324.5,164.17,⭐️ 買進標的
2026-07-03,台股模組,3090.TW,日電貿,311.0,146.25,⭐️ 買進標的
2026-07-03,台股模組,1303.TW,南亞,197.0,120.84,⭐️ 買進標的
2026-07-03,台股模組,3481.TW,群創,67.6,106.52,⭐️ 買進標的
2026-07-03,台股模組,2303.TW,聯電,165.5,104.94,⭐️ 買進標的
2026-07-03,美股模組,USD,ProShares Ultra Semiconductors,87.51,39.02,⭐️ 買進標的
2026-07-03,美股模組,SOXL,Direxion Daily Semiconductor Bull 3X Shares,181.47,176.98,⭐️ 買進標的
2026-07-03,美股模組,BWET,Breakwave Tanker Shipping ETF,170.55,276.03,⭐️ 買進標的
2026-07-03,美股模組,SNDK,Sandisk,1745.0,260.0,⭐️ 買進標的
2026-07-03,美股模組,MU,Micron Technology,975.56,130.13,⭐️ 買進標的
2026-07-03,美股模組,INTC,Intel,120.35,128.24,⭐️ 買進標的
2026-07-03,美股模組,DELL,Dell Technologies,394.32,111.56,⭐️ 買進標的
2026-07-03,美股模組,BE,Bloom Energy Corporation,270.89,101.47,⭐️ 買進標的
2026-07-03,美股模組,MRNA,Moderna,79.76,98.82,⭐️ 買進標的
2026-07-03,美股模組,AMD,Advanced Micro Devices,517.82,95.36,⭐️ 買進標的
2026-07-03,美股模組,WDC,Western Digital,539.0,94.4,⭐️ 買進標的
2026-07-03,美股模組,STX,Seagate Technology,820.16,92.03,⭐️ 買進標的
2026-07-03,台股模組,00631L.TW,元大台灣50正2,38.8,41.85,⭐️ 買進標的
2026-07-03,台股模組,00675L.TW,富邦臺灣加權正2,342.7,43.32,⭐️ 買進標的
2026-07-03,台股模組,00674R.TW,期元大S&P黃金反1,29.45,232.18,⭐️ 買進標的
2026-07-03,台股模組,2327.TW,國巨*,1045.0,173.42,⭐️ 買進標的
2026-07-03,台股模組,3090.TW,日電貿,318.5,150.38,⭐️ 買進標的
2026-07-03,台股模組,2493.TW,揚博,314.0,141.25,⭐️ 買進標的
2026-07-03,台股模組,2303.TW,聯電,170.5,113.84,⭐️ 買進標的
2026-07-03,台股模組,1303.TW,南亞,197.0,112.33,⭐️ 買進標的
2026-07-03,台股模組,4958.TW,臻鼎-KY,613.0,101.1,⭐️ 買進標的
2026-07-03,台股模組,3481.TW,群創,66.0,91.62,⭐️ 買進標的
2026-07-03,台股模組,2059.TW,川湖,8000.0,90.54,⭐️ 買進標的
2026-07-03,台股模組,2454.TW,聯發科,4195.0,89.32,⭐️ 買進標的
2026-07-03,美股模組,USD,ProShares Ultra Semiconductors,87.51,39.02,⭐️ 買進標的
2026-07-03,美股模組,SOXL,Direxion Daily Semiconductor Bull 3X Shares,181.47,176.98,⭐️ 買進標的
2026-07-03,美股模組,BWET,Breakwave Tanker Shipping ETF,170.55,276.03,⭐️ 買進標的
2026-07-03,美股模組,SNDK,Sandisk,1745.0,260.0,⭐️ 買進標的
2026-07-03,美股模組,MU,Micron Technology,975.56,130.13,⭐️ 買進標的
2026-07-03,美股模組,INTC,Intel,120.35,128.24,⭐️ 買進標的
2026-07-03,美股模組,DELL,Dell Technologies,394.32,111.56,⭐️ 買進標的
2026-07-03,美股模組,BE,Bloom Energy Corporation,270.89,101.47,⭐️ 買進標的
2026-07-03,美股模組,MRNA,Moderna,79.76,98.82,⭐️ 買進標的
2026-07-03,美股模組,AMD,Advanced Micro Devices,517.82,95.36,⭐️ 買進標的
2026-07-03,美股模組,WDC,Western Digital,539.0,94.4,⭐️ 買進標的
2026-07-03,美股模組,STX,Seagate Technology,820.16,92.03,⭐️ 買進標的
2026-07-06,台股模組,00631L.TW,元大台灣50正2,38.8,41.85,⭐️ 買進標的
2026-07-06,台股模組,00675L.TW,富邦臺灣加權正2,342.7,43.32,⭐️ 買進標的
2026-07-06,台股模組,00674R.TW,期元大S&P黃金反1,29.45,232.18,⭐️ 買進標的
2026-07-06,台股模組,2327.TW,國巨*,1045.0,173.42,⭐️ 買進標的
2026-07-06,台股模組,3090.TW,日電貿,318.5,150.38,⭐️ 買進標的
2026-07-06,台股模組,2493.TW,揚博,314.0,141.25,⭐️ 買進標的
2026-07-06,台股模組,2303.TW,聯電,170.5,113.84,⭐️ 買進標的
2026-07-06,台股模組,1303.TW,南亞,197.0,112.33,⭐️ 買進標的
2026-07-06,台股模組,4958.TW,臻鼎-KY,613.0,101.1,⭐️ 買進標的
2026-07-06,台股模組,3481.TW,群創,66.0,91.62,⭐️ 買進標的
2026-07-06,台股模組,2059.TW,川湖,8000.0,90.54,⭐️ 買進標的
2026-07-06,台股模組,2454.TW,聯發科,4195.0,89.32,⭐️ 買進標的
2026-07-06,美股模組,USD,ProShares Ultra Semiconductors,87.51,39.02,⭐️ 買進標的
2026-07-06,美股模組,SOXL,Direxion Daily Semiconductor Bull 3X Shares,181.47,176.98,⭐️ 買進標的
2026-07-06,美股模組,BWET,Breakwave Tanker Shipping ETF,170.55,276.03,⭐️ 買進標的
2026-07-06,美股模組,SNDK,Sandisk,1745.0,260.0,⭐️ 買進標的
2026-07-06,美股模組,MU,Micron Technology,975.56,130.13,⭐️ 買進標的
2026-07-06,美股模組,INTC,Intel,120.35,128.24,⭐️ 買進標的
2026-07-06,美股模組,DELL,Dell Technologies,394.32,111.56,⭐️ 買進標的
2026-07-06,美股模組,BE,Bloom Energy Corporation,270.89,101.47,⭐️ 買進標的
2026-07-06,美股模組,MRNA,Moderna,79.76,98.82,⭐️ 買進標的
2026-07-06,美股模組,AMD,Advanced Micro Devices,517.82,95.36,⭐️ 買進標的
2026-07-06,美股模組,WDC,Western Digital,539.0,94.4,⭐️ 買進標的
2026-07-06,美股模組,STX,Seagate Technology,820.16,92.03,⭐️ 買進標的
2026-07-06,台股模組,00631L.TW,元大台灣50正2,38.75,47.46,⭐️ 買進標的
2026-07-06,台股模組,00675L.TW,富邦臺灣加權正2,339.8,47.96,⭐️ 買進標的
2026-07-06,台股模組,00674R.TW,期元大S&P黃金反1,29.66,233.58,⭐️ 買進標的
2026-07-06,台股模組,2327.TW,國巨*,1005.0,173.85,⭐️ 買進標的
2026-07-06,台股模組,3090.TW,日電貿,340.0,168.43,⭐️ 買進標的
2026-07-06,台股模組,2303.TW,聯電,166.0,121.25,⭐️ 買進標的
2026-07-06,台股模組,2493.TW,揚博,283.0,116.43,⭐️ 買進標的
2026-07-06,台股模組,3481.TW,群創,69.2,107.05,⭐️ 買進標的
2026-07-06,台股模組,1303.TW,南亞,185.0,103.31,⭐️ 買進標的
2026-07-06,台股模組,2466.TW,冠西電,94.8,101.19,⭐️ 買進標的
2026-07-06,台股模組,4958.TW,臻鼎-KY,579.0,95.71,⭐️ 買進標的
2026-07-06,台股模組,6446.TW,藥華藥,1445.0,91.35,⭐️ 買進標的
2026-07-06,美股模組,USD,ProShares Ultra Semiconductors,87.51,39.02,⭐️ 買進標的
2026-07-06,美股模組,SOXL,Direxion Daily Semiconductor Bull 3X Shares,181.47,176.98,⭐️ 買進標的
2026-07-06,美股模組,BWET,Breakwave Tanker Shipping ETF,170.55,276.03,⭐️ 買進標的
2026-07-06,美股模組,SNDK,Sandisk,1745.0,260.0,⭐️ 買進標的
2026-07-06,美股模組,MU,Micron Technology,975.56,130.13,⭐️ 買進標的
2026-07-06,美股模組,INTC,Intel,120.35,128.24,⭐️ 買進標的
2026-07-06,美股模組,DELL,Dell Technologies,394.32,111.56,⭐️ 買進標的
2026-07-06,美股模組,BE,Bloom Energy Corporation,270.89,101.47,⭐️ 買進標的
2026-07-06,美股模組,MRNA,Moderna,79.76,98.82,⭐️ 買進標的
2026-07-06,美股模組,AMD,Advanced Micro Devices,517.82,95.36,⭐️ 買進標的
2026-07-06,美股模組,WDC,Western Digital,539.0,94.4,⭐️ 買進標的
2026-07-06,美股模組,STX,Seagate Technology,820.16,92.03,⭐️ 買進標的
2026-07-07,台股模組,00631L.TW,元大台灣50正2,38.75,47.46,⭐️ 買進標的
2026-07-07,台股模組,00675L.TW,富邦臺灣加權正2,339.8,47.96,⭐️ 買進標的
2026-07-07,台股模組,00674R.TW,期元大S&P黃金反1,29.45,232.18,⭐️ 買進標的
2026-07-07,台股模組,2327.TW,國巨*,1005.0,173.85,⭐️ 買進標的
2026-07-07,台股模組,3090.TW,日電貿,340.0,168.43,⭐️ 買進標的
2026-07-07,台股模組,2303.TW,聯電,166.0,121.25,⭐️ 買進標的
2026-07-07,台股模組,2493.TW,揚博,283.0,116.43,⭐️ 買進標的
2026-07-07,台股模組,3481.TW,群創,69.2,107.05,⭐️ 買進標的
2026-07-07,台股模組,1303.TW,南亞,185.0,103.31,⭐️ 買進標的
2026-07-07,台股模組,2466.TW,冠西電,94.8,101.19,⭐️ 買進標的
2026-07-07,台股模組,4958.TW,臻鼎-KY,579.0,95.71,⭐️ 買進標的
2026-07-07,台股模組,6446.TW,藥華藥,1445.0,91.35,⭐️ 買進標的
2026-07-07,美股模組,USD,ProShares Ultra Semiconductors,90.36,44.21,⭐️ 買進標的
2026-07-07,美股模組,SOXL,Direxion Daily Semiconductor Bull 3X Shares,194.65,200.5,⭐️ 買進標的
2026-07-07,美股模組,BWET,Breakwave Tanker Shipping ETF,170.04,267.3,⭐️ 買進標的
2026-07-07,美股模組,SNDK,Sandisk,1744.43,259.58,⭐️ 買進標的
2026-07-07,美股模組,MU,Micron Technology,984.75,135.09,⭐️ 買進標的
2026-07-07,美股模組,INTC,Intel,122.2,127.38,⭐️ 買進標的
2026-07-07,美股模組,DELL,Dell Technologies,411.8,121.43,⭐️ 買進標的
2026-07-07,美股模組,BE,Bloom Energy Corporation,295.05,119.93,⭐️ 買進標的
2026-07-07,美股模組,WDC,Western Digital,577.46,109.5,⭐️ 買進標的
2026-07-07,美股模組,AMD,Advanced Micro Devices,552.05,104.45,⭐️ 買進標的
2026-07-07,美股模組,STX,Seagate Technology,868.26,103.6,⭐️ 買進標的
2026-07-07,美股模組,MRNA,Moderna,81.8,103.46,⭐️ 買進標的
2026-07-07,台股模組,00631L.TW,元大台灣50正2,37.19,40.76,⭐️ 買進標的
2026-07-07,台股模組,00675L.TW,富邦臺灣加權正2,323.55,40.0,⭐️ 買進標的
2026-07-07,台股模組,00674R.TW,期元大S&P黃金反1,29.83,233.99,⭐️ 買進標的
2026-07-07,台股模組,3090.TW,日電貿,306.0,141.02,⭐️ 買進標的
2026-07-07,台股模組,2327.TW,國巨*,905.0,137.29,⭐️ 買進標的
2026-07-07,台股模組,2493.TW,揚博,280.5,112.36,⭐️ 買進標的
2026-07-07,台股模組,2059.TW,川湖,8260.0,103.57,⭐️ 買進標的
2026-07-07,台股模組,3481.TW,群創,64.2,97.71,⭐️ 買進標的
2026-07-07,台股模組,6446.TW,藥華藥,1495.0,96.94,⭐️ 買進標的
2026-07-07,台股模組,2303.TW,聯電,155.0,91.87,⭐️ 買進標的
2026-07-07,台股模組,2466.TW,冠西電,92.6,89.08,⭐️ 買進標的
2026-07-07,台股模組,2454.TW,聯發科,4030.0,85.03,⭐️ 買進標的
2026-07-07,美股模組,USD,ProShares Ultra Semiconductors,90.36,44.21,⭐️ 買進標的
2026-07-07,美股模組,SOXL,Direxion Daily Semiconductor Bull 3X Shares,194.65,200.5,❌ 跌破TWII濾網
2026-07-07,美股模組,BWET,Breakwave Tanker Shipping ETF,170.04,267.3,⭐️ 買進標的
2026-07-07,美股模組,SNDK,Sandisk,1744.43,259.58,⭐️ 買進標的
2026-07-07,美股模組,MU,Micron Technology,984.75,135.13,⭐️ 買進標的
2026-07-07,美股模組,INTC,Intel,122.2,127.38,⭐️ 買進標的
2026-07-07,美股模組,DELL,Dell Technologies,411.8,121.43,⭐️ 買進標的
2026-07-07,美股模組,BE,Bloom Energy Corporation,295.05,119.93,⭐️ 買進標的
2026-07-07,美股模組,WDC,Western Digital,577.46,109.5,⭐️ 買進標的
2026-07-07,美股模組,AMD,Advanced Micro Devices,552.05,104.45,⭐️ 買進標的
2026-07-07,美股模組,STX,Seagate Technology,868.26,103.6,⭐️ 買進標的
2026-07-07,美股模組,MRNA,Moderna,81.8,103.46,⭐️ 買進標的
2026-07-08,台股模組,00631L.TW,元大台灣50正2,38.75,47.46,❌ 跌破SOX 10MA(連4日)
2026-07-08,台股模組,00675L.TW,富邦臺灣加權正2,339.8,47.96,❌ 跌破SOX 10MA(連4日)
2026-07-08,台股模組,00674R.TW,期元大S&P黃金反1,29.66,233.58,⭐️ 買進標的
2026-07-08,台股模組,3090.TW,日電貿,306.0,141.02,⭐️ 買進標的
2026-07-08,台股模組,2327.TW,國巨*,905.0,137.29,⭐️ 買進標的
2026-07-08,台股模組,2493.TW,揚博,280.5,112.36,⭐️ 買進標的
2026-07-08,台股模組,2059.TW,川湖,8260.0,103.57,⭐️ 買進標的
2026-07-08,台股模組,3481.TW,群創,64.2,97.71,⭐️ 買進標的
2026-07-08,台股模組,6446.TW,藥華藥,1495.0,96.94,⭐️ 買進標的
2026-07-08,台股模組,2303.TW,聯電,152.39,91.87,⭐️ 買進標的
2026-07-08,台股模組,2466.TW,冠西電,92.6,89.08,⭐️ 買進標的
2026-07-08,台股模組,2454.TW,聯發科,4030.0,85.03,⭐️ 買進標的
2026-07-08,美股模組,USD,ProShares Ultra Semiconductors,85.68,35.28,⭐️ 買進標的
2026-07-08,美股模組,SOXL,Direxion Daily Semiconductor Bull 3X Shares,165.28,138.11,⭐️ 買進標的
2026-07-08,美股模組,BWET,Breakwave Tanker Shipping ETF,177.6,286.35,⭐️ 買進標的
2026-07-08,美股模組,SNDK,Sandisk,1617.7,200.97,⭐️ 買進標的
2026-07-08,美股模組,DELL,Dell Technologies,417.28,123.17,⭐️ 買進標的
2026-07-08,美股模組,MU,Micron Technology,938.38,113.45,⭐️ 買進標的
2026-07-08,美股模組,INTC,Intel,110.39,98.82,⭐️ 買進標的
2026-07-08,美股模組,MRNA,Moderna,79.77,92.23,⭐️ 買進標的
2026-07-08,美股模組,BE,Bloom Energy Corporation,269.57,88.45,⭐️ 買進標的
2026-07-08,美股模組,AMD,Advanced Micro Devices,516.11,88.0,⭐️ 買進標的
2026-07-08,美股模組,STX,Seagate Technology,827.64,86.9,⭐️ 買進標的
2026-07-08,美股模組,WDC,Western Digital,532.1,83.72,⭐️ 買進標的
2026-07-08,台股模組,00631L.TW,元大台灣50正2,37.14,35.93,❌ 跌破SOX 10MA(連4日)
2026-07-08,台股模組,00675L.TW,富邦臺灣加權正2,322.5,35.45,❌ 跌破SOX 10MA(連4日)
2026-07-08,台股模組,00674R.TW,期元大S&P黃金反1,29.82,243.22,⭐️ 買進標的
2026-07-08,台股模組,3090.TW,日電貿,303.5,136.96,⭐️ 買進標的
2026-07-08,台股模組,2327.TW,國巨*,891.0,125.01,⭐️ 買進標的
2026-07-08,台股模組,2303.TW,聯電,163.0,105.98,⭐️ 買進標的
2026-07-08,台股模組,1303.TW,南亞,182.0,101.23,⭐️ 買進標的
2026-07-08,台股模組,6446.TW,藥華藥,1530.0,100.67,⭐️ 買進標的
2026-07-08,台股模組,2493.TW,揚博,270.0,99.2,⭐️ 買進標的
2026-07-08,台股模組,3481.TW,群創,65.2,96.28,⭐️ 買進標的
2026-07-08,台股模組,2466.TW,冠西電,96.9,91.27,⭐️ 買進標的
2026-07-08,台股模組,2059.TW,川湖,8095.0,87.59,⭐️ 買進標的
2026-07-08,美股模組,USD,ProShares Ultra Semiconductors,85.68,35.28,⭐️ 買進標的
2026-07-08,美股模組,SOXL,Direxion Daily Semiconductor Bull 3X Shares,165.28,138.11,❌ 跌破TWII濾網
2026-07-08,美股模組,BWET,Breakwave Tanker Shipping ETF,177.6,286.35,⭐️ 買進標的
2026-07-08,美股模組,SNDK,Sandisk,1617.7,200.97,⭐️ 買進標的
2026-07-08,美股模組,DELL,Dell Technologies,417.28,123.17,⭐️ 買進標的
2026-07-08,美股模組,MU,Micron Technology,938.38,113.45,⭐️ 買進標的
2026-07-08,美股模組,INTC,Intel,110.39,98.82,⭐️ 買進標的
2026-07-08,美股模組,MRNA,Moderna,79.77,92.23,⭐️ 買進標的
2026-07-08,美股模組,BE,Bloom Energy Corporation,269.57,88.45,⭐️ 買進標的
2026-07-08,美股模組,AMD,Advanced Micro Devices,516.11,88.0,⭐️ 買進標的
2026-07-08,美股模組,STX,Seagate Technology,827.64,86.9,⭐️ 買進標的
2026-07-08,美股模組,WDC,Western Digital,532.1,83.68,⭐️ 買進標的
2026-07-09,台股模組,00631L.TW,元大台灣50正2,37.19,40.76,❌ 跌破SOX 10MA(連4日)
2026-07-09,台股模組,00675L.TW,富邦臺灣加權正2,323.55,40.0,❌ 跌破SOX 10MA(連4日)
2026-07-09,台股模組,00674R.TW,期元大S&P黃金反1,29.83,233.99,⭐️ 買進標的
2026-07-09,台股模組,3090.TW,日電貿,303.5,136.96,⭐️ 買進標的
2026-07-09,台股模組,2327.TW,國巨*,891.0,125.01,⭐️ 買進標的
2026-07-09,台股模組,2303.TW,聯電,163.0,105.98,⭐️ 買進標的
2026-07-09,台股模組,1303.TW,南亞,182.0,101.23,⭐️ 買進標的
2026-07-09,台股模組,2493.TW,揚博,266.0,99.2,⭐️ 買進標的
2026-07-09,台股模組,3481.TW,群創,65.2,96.28,⭐️ 買進標的
2026-07-09,台股模組,2466.TW,冠西電,96.9,91.27,⭐️ 買進標的
2026-07-09,台股模組,2059.TW,川湖,8095.0,87.59,⭐️ 買進標的
2026-07-09,台股模組,6446.TW,藥華藥,1377.79,80.9,⭐️ 買進標的
2026-07-09,美股模組,USD,ProShares Ultra Semiconductors,90.55,46.98,⭐️ 買進標的
2026-07-09,美股模組,SOXL,Direxion Daily Semiconductor Bull 3X Shares,174.82,153.36,❌ 跌破TWII濾網
2026-07-09,美股模組,BWET,Breakwave Tanker Shipping ETF,208.18,355.26,⭐️ 買進標的
2026-07-09,美股模組,SNDK,Sandisk,1727.18,227.98,⭐️ 買進標的
2026-07-09,美股模組,DELL,Dell Technologies,431.97,134.78,⭐️ 買進標的
2026-07-09,美股模組,MU,Micron Technology,948.8,121.76,⭐️ 買進標的
2026-07-09,美股模組,INTC,Intel,110.24,99.84,⭐️ 買進標的
2026-07-09,美股模組,STX,Seagate Technology,860.02,94.21,⭐️ 買進標的
2026-07-09,美股模組,AMD,Advanced Micro Devices,517.41,92.85,⭐️ 買進標的
2026-07-09,美股模組,WDC,Western Digital,550.3,92.33,⭐️ 買進標的
2026-07-09,美股模組,LNVGY,Lenovo Group Limited,57.96,87.96,⭐️ 買進標的
2026-07-09,美股模組,AXTI,"AXT, Inc.",60.12,86.81,⭐️ 買進標的
2026-07-09,台股模組,00631L.TW,元大台灣50正2,36.78,32.51,❌ 跌破SOX 10MA(連4日)
2026-07-09,台股模組,00675L.TW,富邦臺灣加權正2,321.0,32.11,❌ 跌破SOX 10MA(連4日)
2026-07-09,台股模組,00674R.TW,期元大S&P黃金反1,30.21,241.8,⭐️ 買進標的
2026-07-09,台股模組,2327.TW,國巨*,900.0,115.88,⭐️ 買進標的
2026-07-09,台股模組,3090.TW,日電貿,286.5,108.85,⭐️ 買進標的
2026-07-09,台股模組,2493.TW,揚博,274.0,101.65,⭐️ 買進標的
2026-07-09,台股模組,1303.TW,南亞,181.5,98.95,⭐️ 買進標的
2026-07-09,台股模組,2466.TW,冠西電,98.5,97.29,⭐️ 買進標的
2026-07-09,台股模組,2303.TW,聯電,156.0,94.45,⭐️ 買進標的
2026-07-09,台股模組,3481.TW,群創,65.3,91.98,⭐️ 買進標的
2026-07-09,台股模組,2059.TW,川湖,8250.0,86.66,⭐️ 買進標的
2026-07-09,台股模組,6446.TW,藥華藥,1285.0,85.14,⭐️ 買進標的
2026-07-09,美股模組,USD,ProShares Ultra Semiconductors,90.55,46.98,⭐️ 買進標的
2026-07-09,美股模組,SOXL,Direxion Daily Semiconductor Bull 3X Shares,174.82,153.36,❌ 跌破TWII濾網
2026-07-09,美股模組,BWET,Breakwave Tanker Shipping ETF,208.18,355.26,⭐️ 買進標的
2026-07-09,美股模組,SNDK,Sandisk,1727.18,227.98,⭐️ 買進標的
2026-07-09,美股模組,DELL,Dell Technologies,431.97,134.78,⭐️ 買進標的
2026-07-09,美股模組,MU,Micron Technology,948.8,121.76,⭐️ 買進標的
2026-07-09,美股模組,INTC,Intel,110.24,99.84,⭐️ 買進標的
2026-07-09,美股模組,STX,Seagate Technology,860.02,94.21,⭐️ 買進標的
2026-07-09,美股模組,AMD,Advanced Micro Devices,517.41,92.85,⭐️ 買進標的
2026-07-09,美股模組,WDC,Western Digital,550.3,92.33,⭐️ 買進標的
2026-07-09,美股模組,LNVGY,Lenovo Group Limited,57.96,87.96,⭐️ 買進標的
2026-07-09,美股模組,AXTI,"AXT, Inc.",60.12,86.81,⭐️ 買進標的
2026-07-10,台股模組,00631L.TW,元大台灣50正2,37.14,35.93,❌ 跌破SOX 10MA(連4日)
2026-07-10,台股模組,00675L.TW,富邦臺灣加權正2,322.5,35.45,❌ 跌破SOX 10MA(連4日)
2026-07-10,台股模組,00674R.TW,期元大S&P黃金反1,29.82,243.22,⭐️ 買進標的
2026-07-10,台股模組,2327.TW,國巨*,900.0,115.88,⭐️ 買進標的
2026-07-10,台股模組,3090.TW,日電貿,286.5,108.85,⭐️ 買進標的
2026-07-10,台股模組,2493.TW,揚博,274.0,101.65,⭐️ 買進標的
2026-07-10,台股模組,1303.TW,南亞,181.5,98.95,⭐️ 買進標的
2026-07-10,台股模組,2466.TW,冠西電,98.5,97.29,⭐️ 買進標的
2026-07-10,台股模組,2303.TW,聯電,156.0,94.45,⭐️ 買進標的
2026-07-10,台股模組,3481.TW,群創,65.3,91.98,⭐️ 買進標的
2026-07-10,台股模組,2059.TW,川湖,8250.0,86.66,⭐️ 買進標的
2026-07-10,台股模組,6446.TW,藥華藥,1285.0,85.14,⭐️ 買進標的
2026-07-10,美股模組,USD,ProShares Ultra Semiconductors,94.05,44.4,⭐️ 買進標的
2026-07-10,美股模組,SOXL,Direxion Daily Semiconductor Bull 3X Shares,192.45,144.15,❌ 跌破TWII濾網
2026-07-10,美股模組,BWET,Breakwave Tanker Shipping ETF,199.43,320.56,⭐️ 買進標的
2026-07-10,美股模組,SNDK,Sandisk,1858.27,194.21,⭐️ 買進標的
2026-07-10,美股模組,DELL,Dell Technologies,450.22,140.61,⭐️ 買進標的
2026-07-10,美股模組,MU,Micron Technology,991.64,112.41,⭐️ 買進標的
2026-07-10,美股模組,LNVGY,Lenovo Group Limited,63.14,102.35,⭐️ 買進標的
2026-07-10,美股模組,AMD,Advanced Micro Devices,546.72,100.8,⭐️ 買進標的
2026-07-10,美股模組,INTC,Intel,112.54,91.35,⭐️ 買進標的
2026-07-10,美股模組,CRDO,Credo Technology Group Holding Ltd,265.65,86.79,⭐️ 買進標的
2026-07-10,美股模組,STX,Seagate Technology,890.09,83.7,⭐️ 買進標的
2026-07-10,美股模組,WDC,Western Digital,578.05,81.32,⭐️ 買進標的
2026-07-10,台股模組,00631L.TW,元大台灣50正2,36.78,32.51,❌ 跌破SOX 10MA(連4日)
2026-07-10,台股模組,00675L.TW,富邦臺灣加權正2,321.0,32.11,❌ 跌破SOX 10MA(連4日)
2026-07-10,台股模組,00674R.TW,期元大S&P黃金反1,30.21,241.8,⭐️ 買進標的
2026-07-10,台股模組,2327.TW,國巨*,900.0,115.88,⭐️ 買進標的
2026-07-10,台股模組,3090.TW,日電貿,286.5,108.85,⭐️ 買進標的
2026-07-10,台股模組,2493.TW,揚博,274.0,101.65,⭐️ 買進標的
2026-07-10,台股模組,1303.TW,南亞,181.5,98.95,⭐️ 買進標的
2026-07-10,台股模組,2466.TW,冠西電,98.5,97.29,⭐️ 買進標的
2026-07-10,台股模組,2303.TW,聯電,156.0,94.45,⭐️ 買進標的
2026-07-10,台股模組,3481.TW,群創,65.3,91.98,⭐️ 買進標的
2026-07-10,台股模組,2059.TW,川湖,8250.0,86.66,⭐️ 買進標的
2026-07-10,台股模組,6446.TW,藥華藥,1285.0,85.14,⭐️ 買進標的
2026-07-10,美股模組,USD,ProShares Ultra Semiconductors,94.05,44.4,⭐️ 買進標的
2026-07-10,美股模組,SOXL,Direxion Daily Semiconductor Bull 3X Shares,192.45,144.15,❌ 跌破TWII濾網
2026-07-10,美股模組,BWET,Breakwave Tanker Shipping ETF,199.43,320.56,⭐️ 買進標的
2026-07-10,美股模組,SNDK,Sandisk,1858.27,194.21,⭐️ 買進標的
2026-07-10,美股模組,DELL,Dell Technologies,450.22,140.61,⭐️ 買進標的
2026-07-10,美股模組,MU,Micron Technology,991.64,112.41,⭐️ 買進標的
2026-07-10,美股模組,LNVGY,Lenovo Group Limited,62.94,101.71,⭐️ 買進標的
2026-07-10,美股模組,AMD,Advanced Micro Devices,546.72,100.8,⭐️ 買進標的
2026-07-10,美股模組,INTC,Intel,112.54,91.35,⭐️ 買進標的
2026-07-10,美股模組,CRDO,Credo Technology Group Holding Ltd,265.65,86.79,⭐️ 買進標的
2026-07-10,美股模組,STX,Seagate Technology,890.09,83.7,⭐️ 買進標的
2026-07-10,美股模組,WDC,Western Digital,578.05,81.32,⭐️ 買進標的
2026-07-13,台股模組,00631L.TW,元大台灣50正2,36.78,32.61,❌ 跌破SOX 10MA(連4日)
2026-07-13,台股模組,00675L.TW,富邦臺灣加權正2,321.0,32.27,❌ 跌破SOX 10MA(連4日)
2026-07-13,台股模組,00674R.TW,期元大S&P黃金反1,30.21,241.61,⭐️ 買進標的
2026-07-13,台股模組,2327.TW,國巨*,900.0,114.37,⭐️ 買進標的
2026-07-13,台股模組,3090.TW,日電貿,286.5,114.07,⭐️ 買進標的
2026-07-13,台股模組,1303.TW,南亞,181.5,107.94,⭐️ 買進標的
2026-07-13,台股模組,3481.TW,群創,65.3,103.88,⭐️ 買進標的
2026-07-13,台股模組,2466.TW,冠西電,98.5,95.27,⭐️ 買進標的
2026-07-13,台股模組,2303.TW,聯電,156.0,94.91,⭐️ 買進標的
2026-07-13,台股模組,2493.TW,揚博,274.0,93.9,⭐️ 買進標的
2026-07-13,台股模組,2059.TW,川湖,8250.0,87.71,⭐️ 買進標的
2026-07-13,台股模組,6446.TW,藥華藥,1285.0,82.81,⭐️ 買進標的
2026-07-13,美股模組,USD,ProShares Ultra Semiconductors,96.96,47.28,⭐️ 買進標的
2026-07-13,美股模組,SOXL,Direxion Daily Semiconductor Bull 3X Shares,192.26,143.37,❌ 跌破TWII濾網
2026-07-13,美股模組,BWET,Breakwave Tanker Shipping ETF,203.35,279.23,⭐️ 買進標的
2026-07-13,美股模組,SNDK,Sandisk,1915.92,194.41,⭐️ 買進標的
2026-07-13,美股模組,DELL,Dell Technologies,434.97,139.78,⭐️ 買進標的
2026-07-13,美股模組,MU,Micron Technology,979.3,108.53,⭐️ 買進標的
2026-07-13,美股模組,AMD,Advanced Micro Devices,557.89,106.24,⭐️ 買進標的
2026-07-13,美股模組,LNVGY,Lenovo Group Limited,62.9,104.36,⭐️ 買進標的
2026-07-13,美股模組,STX,Seagate Technology,910.34,95.21,⭐️ 買進標的
2026-07-13,美股模組,WDC,Western Digital,582.59,92.23,⭐️ 買進標的
2026-07-13,美股模組,INTC,Intel,109.84,79.13,⭐️ 買進標的
2026-07-13,美股模組,CRDO,Credo Technology Group Holding Ltd,257.79,77.23,⭐️ 買進標的
2026-07-13,台股模組,00631L.TW,元大台灣50正2,36.86,33.49,❌ 跌破SOX 10MA(連4日)
2026-07-13,台股模組,00675L.TW,富邦臺灣加權正2,319.5,32.37,❌ 跌破SOX 10MA(連4日)
2026-07-13,台股模組,00674R.TW,期元大S&P黃金反1,30.29,239.68,⭐️ 買進標的
2026-07-13,台股模組,1303.TW,南亞,199.5,120.39,⭐️ 買進標的
2026-07-13,台股模組,2303.TW,聯電,153.5,92.34,⭐️ 買進標的
2026-07-13,台股模組,2466.TW,冠西電,100.5,88.24,⭐️ 買進標的
2026-07-13,台股模組,4958.TW,臻鼎-KY,646.0,87.35,⭐️ 買進標的
2026-07-13,台股模組,2059.TW,川湖,8080.0,84.26,⭐️ 買進標的
2026-07-13,台股模組,2327.TW,國巨*,816.0,84.2,⭐️ 買進標的
2026-07-13,台股模組,3481.TW,群創,61.0,83.61,⭐️ 買進標的
2026-07-13,台股模組,3090.TW,日電貿,258.0,82.78,⭐️ 買進標的
2026-07-13,台股模組,6446.TW,藥華藥,1250.0,81.58,⭐️ 買進標的
2026-07-13,美股模組,USD,ProShares Ultra Semiconductors,96.96,47.28,⭐️ 買進標的
2026-07-13,美股模組,SOXL,Direxion Daily Semiconductor Bull 3X Shares,192.26,143.37,❌ 跌破TWII濾網
2026-07-13,美股模組,BWET,Breakwave Tanker Shipping ETF,203.35,279.23,⭐️ 買進標的
2026-07-13,美股模組,SNDK,Sandisk,1915.92,194.41,⭐️ 買進標的
2026-07-13,美股模組,DELL,Dell Technologies,434.97,139.78,⭐️ 買進標的
2026-07-13,美股模組,MU,Micron Technology,979.3,108.53,⭐️ 買進標的
2026-07-13,美股模組,AMD,Advanced Micro Devices,557.89,106.24,⭐️ 買進標的
2026-07-13,美股模組,LNVGY,Lenovo Group Limited,62.9,104.36,⭐️ 買進標的
2026-07-13,美股模組,STX,Seagate Technology,910.34,95.21,⭐️ 買進標的
2026-07-13,美股模組,WDC,Western Digital,582.59,92.23,⭐️ 買進標的
2026-07-13,美股模組,INTC,Intel,109.84,79.13,⭐️ 買進標的
2026-07-13,美股模組,CRDO,Credo Technology Group Holding Ltd,257.79,77.23,⭐️ 買進標的
2026-07-14,台股模組,00631L.TW,元大台灣50正2,36.86,33.49,❌ 跌破SOX 10MA(連4日)
2026-07-14,台股模組,00675L.TW,富邦臺灣加權正2,319.5,32.37,❌ 跌破SOX 10MA(連4日)
2026-07-14,台股模組,00674R.TW,期元大S&P黃金反1,30.29,239.68,⭐️ 買進標的
2026-07-14,台股模組,1303.TW,南亞,199.5,120.39,⭐️ 買進標的
2026-07-14,台股模組,2303.TW,聯電,153.5,92.34,⭐️ 買進標的
2026-07-14,台股模組,2466.TW,冠西電,100.5,88.24,⭐️ 買進標的
2026-07-14,台股模組,4958.TW,臻鼎-KY,646.0,87.35,⭐️ 買進標的
2026-07-14,台股模組,2059.TW,川湖,8080.0,84.26,⭐️ 買進標的
2026-07-14,台股模組,2327.TW,國巨*,816.0,84.2,⭐️ 買進標的
2026-07-14,台股模組,3481.TW,群創,61.0,83.61,⭐️ 買進標的
2026-07-14,台股模組,3090.TW,日電貿,258.0,82.78,⭐️ 買進標的
2026-07-14,台股模組,6446.TW,藥華藥,1250.0,81.58,⭐️ 買進標的
2026-07-14,美股模組,USD,ProShares Ultra Semiconductors,89.2,38.11,⭐️ 買進標的
2026-07-14,美股模組,SOXL,Direxion Daily Semiconductor Bull 3X Shares,165.37,113.7,❌ 跌破TWII濾網
2026-07-14,美股模組,BWET,Breakwave Tanker Shipping ETF,210.96,271.33,⭐️ 買進標的
2026-07-14,美股模組,SNDK,Sandisk,1673.97,166.26,⭐️ 買進標的
2026-07-14,美股模組,DELL,Dell Technologies,427.11,139.86,⭐️ 買進標的
2026-07-14,美股模組,MU,Micron Technology,937.0,104.86,⭐️ 買進標的
2026-07-14,美股模組,AMD,Advanced Micro Devices,534.39,99.1,⭐️ 買進標的
2026-07-14,美股模組,LNVGY,Lenovo Group Limited,59.15,97.42,⭐️ 買進標的
2026-07-14,美股模組,STX,Seagate Technology,860.66,93.34,⭐️ 買進標的
2026-07-14,美股模組,WDC,Western Digital,555.55,90.46,⭐️ 買進標的
2026-07-14,美股模組,DDOG,Datadog,260.24,86.82,⭐️ 買進標的
2026-07-14,美股模組,FTNT,Fortinet,160.62,76.95,⭐️ 買進標的
2026-07-14,台股模組,00631L.TW,元大台灣50正2,35.88,23.76,❌ 跌破SOX 10MA(連4日)
2026-07-14,台股模組,00675L.TW,富邦臺灣加權正2,311.15,22.63,❌ 跌破SOX 10MA(連4日)
2026-07-14,台股模組,00674R.TW,期元大S&P黃金反1,30.57,246.94,⭐️ 買進標的
2026-07-14,台股模組,1303.TW,南亞,210.0,117.61,⭐️ 買進標的
2026-07-14,台股模組,2466.TW,冠西電,105.0,91.61,⭐️ 買進標的
2026-07-14,台股模組,2303.TW,聯電,151.0,86.15,⭐️ 買進標的
2026-07-14,台股模組,4958.TW,臻鼎-KY,629.0,82.88,⭐️ 買進標的
2026-07-14,台股模組,8046.TW,南電,1290.0,78.97,⭐️ 買進標的
2026-07-14,台股模組,3189.TW,景碩,805.0,74.77,⭐️ 買進標的
2026-07-14,台股模組,6446.TW,藥華藥,1200.0,73.99,⭐️ 買進標的
2026-07-14,台股模組,2059.TW,川湖,7995.0,73.89,⭐️ 買進標的
2026-07-14,台股模組,2327.TW,國巨*,778.0,71.07,⭐️ 買進標的
2026-07-14,美股模組,USD,ProShares Ultra Semiconductors,89.2,38.11,⭐️ 買進標的
2026-07-14,美股模組,SOXL,Direxion Daily Semiconductor Bull 3X Shares,165.37,113.7,❌ 跌破TWII濾網
2026-07-14,美股模組,BWET,Breakwave Tanker Shipping ETF,210.96,271.33,⭐️ 買進標的
2026-07-14,美股模組,SNDK,Sandisk,1673.97,166.26,⭐️ 買進標的
2026-07-14,美股模組,DELL,Dell Technologies,427.11,139.86,⭐️ 買進標的
2026-07-14,美股模組,MU,Micron Technology,937.0,104.86,⭐️ 買進標的
2026-07-14,美股模組,AMD,Advanced Micro Devices,534.39,99.1,⭐️ 買進標的
2026-07-14,美股模組,LNVGY,Lenovo Group Limited,59.15,97.42,⭐️ 買進標的
2026-07-14,美股模組,STX,Seagate Technology,860.66,93.34,⭐️ 買進標的
2026-07-14,美股模組,WDC,Western Digital,555.55,90.46,⭐️ 買進標的
2026-07-14,美股模組,DDOG,Datadog,260.24,86.82,⭐️ 買進標的
2026-07-14,美股模組,FTNT,Fortinet,160.62,76.95,⭐️ 買進標的
2026-07-15,台股模組,00631L.TW,元大台灣50正2,36.86,33.49,❌ 跌破SOX 10MA(連4日)
2026-07-15,台股模組,00675L.TW,富邦臺灣加權正2,319.5,32.37,❌ 跌破SOX 10MA(連4日)
2026-07-15,台股模組,00674R.TW,期元大S&P黃金反1,30.29,239.68,⭐️ 買進標的
2026-07-15,台股模組,1303.TW,南亞,210.0,117.61,⭐️ 買進標的
2026-07-15,台股模組,2466.TW,冠西電,105.0,91.61,⭐️ 買進標的
2026-07-15,台股模組,2303.TW,聯電,151.0,86.15,⭐️ 買進標的
2026-07-15,台股模組,4958.TW,臻鼎-KY,629.0,82.88,⭐️ 買進標的
2026-07-15,台股模組,8046.TW,南電,1290.0,78.97,⭐️ 買進標的
2026-07-15,台股模組,3189.TW,景碩,805.0,74.77,⭐️ 買進標的
2026-07-15,台股模組,6446.TW,藥華藥,1200.0,73.99,⭐️ 買進標的
2026-07-15,台股模組,2059.TW,川湖,7995.0,73.89,⭐️ 買進標的
2026-07-15,台股模組,2327.TW,國巨*,778.0,71.07,⭐️ 買進標的
2026-07-15,美股模組,USD,ProShares Ultra Semiconductors,94.89,40.55,⭐️ 買進標的
2026-07-15,美股模組,SOXL,Direxion Daily Semiconductor Bull 3X Shares,176.66,108.54,❌ 跌破TWII濾網
2026-07-15,美股模組,BWET,Breakwave Tanker Shipping ETF,257.35,321.94,⭐️ 買進標的
2026-07-15,美股模組,SNDK,Sandisk,1757.82,147.91,⭐️ 買進標的
2026-07-15,美股模組,DELL,Dell Technologies,457.54,146.96,⭐️ 買進標的
2026-07-15,美股模組,MU,Micron Technology,983.12,104.77,⭐️ 買進標的
2026-07-15,美股模組,AMD,Advanced Micro Devices,548.13,101.36,⭐️ 買進標的
2026-07-15,美股模組,LNVGY,Lenovo Group Limited,60.06,97.61,⭐️ 買進標的
2026-07-15,美股模組,DDOG,Datadog,270.73,92.42,⭐️ 買進標的
2026-07-15,美股模組,STX,Seagate Technology,878.31,87.37,⭐️ 買進標的
2026-07-15,美股模組,WDC,Western Digital,563.32,82.86,⭐️ 買進標的
2026-07-15,美股模組,FTNT,Fortinet,166.83,79.16,⭐️ 買進標的
2026-07-15,台股模組,00631L.TW,元大台灣50正2,37.04,23.07,❌ 跌破SOX 10MA(連4日)
2026-07-15,台股模組,00675L.TW,富邦臺灣加權正2,322.25,22.59,❌ 跌破SOX 10MA(連4日)
2026-07-15,台股模組,00674R.TW,期元大S&P黃金反1,30.54,248.65,⭐️ 買進標的
2026-07-15,台股模組,1303.TW,南亞,227.5,126.84,⭐️ 買進標的
2026-07-15,台股模組,2466.TW,冠西電,115.5,108.61,⭐️ 買進標的
2026-07-15,台股模組,2303.TW,聯電,166.0,95.6,⭐️ 買進標的
2026-07-15,台股模組,8046.TW,南電,1415.0,90.52,⭐️ 買進標的
2026-07-15,台股模組,6446.TW,藥華藥,1320.0,89.74,⭐️ 買進標的
2026-07-15,台股模組,2059.TW,川湖,8500.0,84.61,⭐️ 買進標的
2026-07-15,台股模組,4958.TW,臻鼎-KY,618.0,76.08,⭐️ 買進標的
2026-07-15,台股模組,2408.TW,南亞科,481.0,75.08,⭐️ 買進標的
2026-07-15,台股模組,3189.TW,景碩,845.0,74.48,⭐️ 買進標的
2026-07-15,美股模組,USD,ProShares Ultra Semiconductors,89.2,38.11,⭐️ 買進標的
2026-07-15,美股模組,SOXL,Direxion Daily Semiconductor Bull 3X Shares,165.37,113.7,❌ 跌破TWII濾網
2026-07-15,美股模組,BWET,Breakwave Tanker Shipping ETF,257.35,321.94,⭐️ 買進標的
2026-07-15,美股模組,SNDK,Sandisk,1757.82,147.91,⭐️ 買進標的
2026-07-15,美股模組,DELL,Dell Technologies,457.54,146.96,⭐️ 買進標的
2026-07-15,美股模組,MU,Micron Technology,937.0,104.86,⭐️ 買進標的
2026-07-15,美股模組,AMD,Advanced Micro Devices,534.39,99.1,⭐️ 買進標的
2026-07-15,美股模組,LNVGY,Lenovo Group Limited,59.15,97.42,⭐️ 買進標的
2026-07-15,美股模組,STX,Seagate Technology,860.66,93.34,⭐️ 買進標的
2026-07-15,美股模組,DDOG,Datadog,270.73,92.42,⭐️ 買進標的
2026-07-15,美股模組,WDC,Western Digital,555.55,90.46,⭐️ 買進標的
2026-07-15,美股模組,HPE,Hewlett Packard Enterprise,49.56,77.4,⭐️ 買進標的
2026-07-16,台股模組,00631L.TW,元大台灣50正2,35.88,23.76,❌ 跌破SOX 10MA(連4日)
2026-07-16,台股模組,00675L.TW,富邦臺灣加權正2,311.15,22.63,❌ 跌破SOX 10MA(連4日)
2026-07-16,台股模組,00674R.TW,期元大S&P黃金反1,30.57,246.94,⭐️ 買進標的
2026-07-16,台股模組,1303.TW,南亞,227.5,126.84,⭐️ 買進標的
2026-07-16,台股模組,2466.TW,冠西電,115.5,108.61,⭐️ 買進標的
2026-07-16,台股模組,2303.TW,聯電,166.0,95.6,⭐️ 買進標的
2026-07-16,台股模組,8046.TW,南電,1415.0,90.52,⭐️ 買進標的
2026-07-16,台股模組,6446.TW,藥華藥,1320.0,89.74,⭐️ 買進標的
2026-07-16,台股模組,2059.TW,川湖,8500.0,84.61,⭐️ 買進標的
2026-07-16,台股模組,4958.TW,臻鼎-KY,618.0,76.08,⭐️ 買進標的
2026-07-16,台股模組,2408.TW,南亞科,481.0,75.08,⭐️ 買進標的
2026-07-16,台股模組,3189.TW,景碩,845.0,74.48,⭐️ 買進標的
2026-07-16,美股模組,USD,ProShares Ultra Semiconductors,92.3,33.07,⭐️ 買進標的
2026-07-16,美股模組,SOXL,Direxion Daily Semiconductor Bull 3X Shares,165.55,89.18,❌ 跌破TWII濾網
2026-07-16,美股模組,BWET,Breakwave Tanker Shipping ETF,230.03,292.72,⭐️ 買進標的
2026-07-16,美股模組,DELL,Dell Technologies,412.68,124.6,⭐️ 買進標的
2026-07-16,美股模組,SNDK,Sandisk,1615.0,122.48,⭐️ 買進標的
2026-07-16,美股模組,LNVGY,Lenovo Group Limited,59.81,94.28,⭐️ 買進標的
2026-07-16,美股模組,AMD,Advanced Micro Devices,529.14,88.55,⭐️ 買進標的
2026-07-16,美股模組,DDOG,Datadog,264.46,87.72,⭐️ 買進標的
2026-07-16,美股模組,MU,Micron Technology,904.28,82.65,⭐️ 買進標的
2026-07-16,美股模組,PANW,Palo Alto Networks,354.02,77.71,⭐️ 買進標的
2026-07-16,美股模組,FTNT,Fortinet,164.51,76.87,⭐️ 買進標的
2026-07-16,美股模組,HPE,Hewlett Packard Enterprise,47.39,69.78,⭐️ 買進標的
2026-07-16,台股模組,00631L.TW,元大台灣50正2,37.19,21.41,❌ 跌破SOX 10MA(連4日)
2026-07-16,台股模組,00675L.TW,富邦臺灣加權正2,323.05,20.57,❌ 跌破SOX 10MA(連4日)
2026-07-16,台股模組,00674R.TW,期元大S&P黃金反1,30.54,248.46,⭐️ 買進標的
2026-07-16,台股模組,2466.TW,冠西電,121.0,119.51,⭐️ 買進標的
2026-07-16,台股模組,1303.TW,南亞,221.0,119.24,⭐️ 買進標的
2026-07-16,台股模組,2059.TW,川湖,8655.0,90.69,⭐️ 買進標的
2026-07-16,台股模組,2303.TW,聯電,160.0,76.84,⭐️ 買進標的
2026-07-16,台股模組,6446.TW,藥華藥,1260.0,76.6,⭐️ 買進標的
2026-07-16,台股模組,3481.TW,群創,57.3,61.32,⭐️ 買進標的
2026-07-16,台股模組,2327.TW,國巨*,776.0,61.08,⭐️ 買進標的
2026-07-16,台股模組,4958.TW,臻鼎-KY,578.0,59.75,⭐️ 買進標的
2026-07-16,台股模組,8046.TW,南電,1275.0,59.43,⭐️ 買進標的
2026-07-16,美股模組,USD,ProShares Ultra Semiconductors,92.3,33.07,⭐️ 買進標的
2026-07-16,美股模組,SOXL,Direxion Daily Semiconductor Bull 3X Shares,165.55,89.18,❌ 跌破TWII濾網
2026-07-16,美股模組,BWET,Breakwave Tanker Shipping ETF,230.03,292.72,⭐️ 買進標的
2026-07-16,美股模組,DELL,Dell Technologies,412.68,124.6,⭐️ 買進標的
2026-07-16,美股模組,SNDK,Sandisk,1615.0,122.48,⭐️ 買進標的
2026-07-16,美股模組,LNVGY,Lenovo Group Limited,59.81,94.28,⭐️ 買進標的
2026-07-16,美股模組,AMD,Advanced Micro Devices,529.14,88.55,⭐️ 買進標的
2026-07-16,美股模組,DDOG,Datadog,264.46,87.72,⭐️ 買進標的
2026-07-16,美股模組,MU,Micron Technology,904.28,82.65,⭐️ 買進標的
2026-07-16,美股模組,PANW,Palo Alto Networks,354.02,77.71,⭐️ 買進標的
2026-07-16,美股模組,FTNT,Fortinet,164.51,76.87,⭐️ 買進標的
2026-07-16,美股模組,HPE,Hewlett Packard Enterprise,47.39,69.78,⭐️ 買進標的
2026-07-17,台股模組,00631L.TW,元大台灣50正2,37.04,23.07,❌ 跌破SOX 10MA(連4日)
2026-07-17,台股模組,00675L.TW,富邦臺灣加權正2,322.25,22.59,❌ 跌破SOX 10MA(連4日)
2026-07-17,台股模組,00674R.TW,期元大S&P黃金反1,30.54,248.65,⭐️ 買進標的
2026-07-17,台股模組,2466.TW,冠西電,121.0,119.51,⭐️ 買進標的
2026-07-17,台股模組,1303.TW,南亞,221.0,119.24,⭐️ 買進標的
2026-07-17,台股模組,2059.TW,川湖,8655.0,90.69,⭐️ 買進標的
2026-07-17,台股模組,2303.TW,聯電,160.0,76.84,⭐️ 買進標的
2026-07-17,台股模組,6446.TW,藥華藥,1260.0,76.6,⭐️ 買進標的
2026-07-17,台股模組,3481.TW,群創,57.3,61.32,⭐️ 買進標的
2026-07-17,台股模組,2327.TW,國巨*,776.0,61.08,⭐️ 買進標的
2026-07-17,台股模組,4958.TW,臻鼎-KY,578.0,59.75,⭐️ 買進標的
2026-07-17,台股模組,8046.TW,南電,1275.0,59.43,⭐️ 買進標的
2026-07-17,美股模組,USD,ProShares Ultra Semiconductors,85.5,19.29,⭐️ 買進標的
2026-07-17,美股模組,SOXL,Direxion Daily Semiconductor Bull 3X Shares,142.48,57.38,❌ 跌破TWII濾網
2026-07-17,美股模組,BWET,Breakwave Tanker Shipping ETF,229.27,263.66,⭐️ 買進標的
2026-07-17,美股模組,DELL,Dell Technologies,391.38,115.55,⭐️ 買進標的
2026-07-17,美股模組,SNDK,Sandisk,1411.08,95.73,⭐️ 買進標的
2026-07-17,美股模組,LNVGY,Lenovo Group Limited,56.51,82.28,⭐️ 買進標的
2026-07-17,美股模組,DDOG,Datadog,262.32,79.42,⭐️ 買進標的
2026-07-17,美股模組,PANW,Palo Alto Networks,353.99,75.2,⭐️ 買進標的
2026-07-17,美股模組,MU,Micron Technology,853.2,72.65,⭐️ 買進標的
2026-07-17,美股模組,FTNT,Fortinet,160.78,71.57,⭐️ 買進標的
2026-07-17,美股模組,AMD,Advanced Micro Devices,500.94,70.77,⭐️ 買進標的
2026-07-17,美股模組,DVA,DaVita,234.01,65.81,⭐️ 買進標的
2026-07-17,台股模組,00631L.TW,元大台灣50正2,32.17,5.74,❌ 跌破SOX 10MA(連4日)
2026-07-17,台股模組,00675L.TW,富邦臺灣加權正2,278.75,5.1,❌ 跌破SOX 10MA(連4日)
2026-07-17,台股模組,00674R.TW,期元大S&P黃金反1,30.93,252.89,⭐️ 買進標的
2026-07-17,台股模組,2466.TW,冠西電,122.0,121.02,⭐️ 買進標的
2026-07-17,台股模組,1303.TW,南亞,199.0,93.04,⭐️ 買進標的
2026-07-17,台股模組,2059.TW,川湖,7890.0,67.97,⭐️ 買進標的
2026-07-17,台股模組,6446.TW,藥華藥,1195.0,67.3,⭐️ 買進標的
2026-07-17,台股模組,6505.TW,台塑化,81.3,54.76,⭐️ 買進標的
2026-07-17,台股模組,2303.TW,聯電,144.0,52.63,⭐️ 買進標的
2026-07-17,台股模組,3481.TW,群創,52.6,48.77,⭐️ 買進標的
2026-07-17,台股模組,2327.TW,國巨*,699.0,46.74,⭐️ 買進標的
2026-07-17,台股模組,8046.TW,南電,1150.0,44.69,⭐️ 買進標的
2026-07-17,美股模組,USD,ProShares Ultra Semiconductors,85.5,19.29,⭐️ 買進標的
2026-07-17,美股模組,SOXL,Direxion Daily Semiconductor Bull 3X Shares,142.48,57.38,❌ 跌破TWII濾網
2026-07-17,美股模組,BWET,Breakwave Tanker Shipping ETF,229.27,263.66,⭐️ 買進標的
2026-07-17,美股模組,DELL,Dell Technologies,391.38,115.55,⭐️ 買進標的
2026-07-17,美股模組,SNDK,Sandisk,1411.08,95.73,⭐️ 買進標的
2026-07-17,美股模組,LNVGY,Lenovo Group Limited,56.47,82.15,⭐️ 買進標的
2026-07-17,美股模組,DDOG,Datadog,262.32,79.42,⭐️ 買進標的
2026-07-17,美股模組,PANW,Palo Alto Networks,353.99,75.2,⭐️ 買進標的
2026-07-17,美股模組,MU,Micron Technology,853.2,72.65,⭐️ 買進標的
2026-07-17,美股模組,FTNT,Fortinet,160.78,71.57,⭐️ 買進標的
2026-07-17,美股模組,AMD,Advanced Micro Devices,500.94,70.77,⭐️ 買進標的
2026-07-17,美股模組,DVA,DaVita,234.01,65.81,⭐️ 買進標的
2026-07-20,台股模組,00631L.TW,元大台灣50正2,32.17,5.74,❌ 跌破SOX 10MA(連4日)
2026-07-20,台股模組,00675L.TW,富邦臺灣加權正2,278.75,5.1,❌ 跌破SOX 10MA(連4日)
2026-07-20,台股模組,00674R.TW,期元大S&P黃金反1,30.93,252.89,⭐️ 買進標的
2026-07-20,台股模組,2466.TW,冠西電,122.0,121.02,⭐️ 買進標的
2026-07-20,台股模組,1303.TW,南亞,199.0,93.04,⭐️ 買進標的
2026-07-20,台股模組,2059.TW,川湖,7890.0,67.97,⭐️ 買進標的
2026-07-20,台股模組,6446.TW,藥華藥,1195.0,67.3,⭐️ 買進標的
2026-07-20,台股模組,6505.TW,台塑化,81.3,54.76,⭐️ 買進標的
2026-07-20,台股模組,2303.TW,聯電,144.0,52.63,⭐️ 買進標的
2026-07-20,台股模組,3481.TW,群創,52.6,48.77,⭐️ 買進標的
2026-07-20,台股模組,2327.TW,國巨*,699.0,46.74,⭐️ 買進標的
2026-07-20,台股模組,8046.TW,南電,1150.0,44.69,⭐️ 買進標的
2026-07-20,美股模組,USD,ProShares Ultra Semiconductors,82.26,18.16,⭐️ 買進標的
2026-07-20,美股模組,SOXL,Direxion Daily Semiconductor Bull 3X Shares,135.47,52.6,❌ 跌破TWII濾網
2026-07-20,美股模組,BWET,Breakwave Tanker Shipping ETF,227.63,230.76,⭐️ 買進標的
2026-07-20,美股模組,DELL,Dell Technologies,396.34,113.47,⭐️ 買進標的
2026-07-20,美股模組,SNDK,Sandisk,1354.82,88.24,⭐️ 買進標的
2026-07-20,美股模組,DDOG,Datadog,258.69,77.59,⭐️ 買進標的
2026-07-20,美股模組,PANW,Palo Alto Networks,358.68,76.94,⭐️ 買進標的
2026-07-20,美股模組,MU,Micron Technology,848.95,74.57,⭐️ 買進標的
2026-07-20,美股模組,LNVGY,Lenovo Group Limited,55.08,73.28,⭐️ 買進標的
2026-07-20,美股模組,FTNT,Fortinet,161.61,72.54,⭐️ 買進標的
2026-07-20,美股模組,DVA,DaVita,236.97,67.17,⭐️ 買進標的
2026-07-20,美股模組,AMD,Advanced Micro Devices,495.76,65.87,⭐️ 買進標的
2026-07-20,台股模組,00631L.TW,元大台灣50正2,32.06,3.5,❌ 跌破SOX 10MA(連4日)
2026-07-20,台股模組,00675L.TW,富邦臺灣加權正2,275.05,1.63,❌ 跌破SOX 10MA(連4日)
2026-07-20,台股模組,2466.TW,冠西電,119.0,111.15,⭐️ 買進標的
2026-07-20,台股模組,1303.TW,南亞,186.5,76.75,⭐️ 買進標的
2026-07-20,台股模組,6446.TW,藥華藥,1175.0,60.7,⭐️ 買進標的
2026-07-20,台股模組,2059.TW,川湖,7750.0,59.92,⭐️ 買進標的
2026-07-20,台股模組,6505.TW,台塑化,77.7,47.85,⭐️ 買進標的
2026-07-20,台股模組,3481.TW,群創,50.4,37.72,⭐️ 買進標的
2026-07-20,台股模組,2408.TW,南亞科,381.0,33.92,⭐️ 買進標的
2026-07-20,台股模組,8046.TW,南電,1105.0,32.9,⭐️ 買進標的
2026-07-20,台股模組,2303.TW,聯電,130.0,31.41,⭐️ 買進標的
2026-07-20,台股模組,2327.TW,國巨*,630.0,28.47,⭐️ 買進標的
2026-07-20,美股模組,USD,ProShares Ultra Semiconductors,82.26,18.16,⭐️ 買進標的
2026-07-20,美股模組,SOXL,Direxion Daily Semiconductor Bull 3X Shares,135.47,52.6,❌ 跌破TWII濾網
2026-07-20,美股模組,BWET,Breakwave Tanker Shipping ETF,227.63,230.76,⭐️ 買進標的
2026-07-20,美股模組,DELL,Dell Technologies,396.34,113.47,⭐️ 買進標的
2026-07-20,美股模組,SNDK,Sandisk,1354.82,88.24,⭐️ 買進標的
2026-07-20,美股模組,DDOG,Datadog,258.69,77.59,⭐️ 買進標的
2026-07-20,美股模組,PANW,Palo Alto Networks,358.68,76.94,⭐️ 買進標的
2026-07-20,美股模組,MU,Micron Technology,848.95,74.57,⭐️ 買進標的
2026-07-20,美股模組,LNVGY,Lenovo Group Limited,55.08,73.28,⭐️ 買進標的
2026-07-20,美股模組,FTNT,Fortinet,161.61,72.54,⭐️ 買進標的
2026-07-20,美股模組,DVA,DaVita,236.97,67.17,⭐️ 買進標的
2026-07-20,美股模組,AMD,Advanced Micro Devices,495.76,65.87,⭐️ 買進標的
2026-07-21,台股模組,00631L.TW,元大台灣50正2,32.06,3.5,❌ 跌破SOX 10MA(連4日)
2026-07-21,台股模組,00675L.TW,富邦臺灣加權正2,275.05,1.63,❌ 跌破SOX 10MA(連4日)
2026-07-21,台股模組,00674R.TW,期元大S&P黃金反1,30.93,252.89,⭐️ 買進標的
2026-07-21,台股模組,2466.TW,冠西電,119.0,111.15,⭐️ 買進標的
2026-07-21,台股模組,1303.TW,南亞,186.5,76.75,⭐️ 買進標的
2026-07-21,台股模組,6446.TW,藥華藥,1175.0,60.7,⭐️ 買進標的
2026-07-21,台股模組,2059.TW,川湖,7750.0,59.92,⭐️ 買進標的
2026-07-21,台股模組,6505.TW,台塑化,77.7,47.85,⭐️ 買進標的
2026-07-21,台股模組,3481.TW,群創,50.4,37.72,⭐️ 買進標的
2026-07-21,台股模組,2408.TW,南亞科,381.0,33.92,⭐️ 買進標的
2026-07-21,台股模組,8046.TW,南電,1105.0,32.9,⭐️ 買進標的
2026-07-21,台股模組,2303.TW,聯電,130.0,31.41,⭐️ 買進標的
2026-07-21,美股模組,USD,ProShares Ultra Semiconductors,83.24,16.26,⭐️ 買進標的
2026-07-21,美股模組,SOXL,Direxion Daily Semiconductor Bull 3X Shares,136.81,46.18,❌ 跌破TWII濾網
2026-07-21,美股模組,BWET,Breakwave Tanker Shipping ETF,225.24,221.86,⭐️ 買進標的
2026-07-21,美股模組,DELL,Dell Technologies,381.88,102.5,⭐️ 買進標的
2026-07-21,美股模組,SNDK,Sandisk,1390.95,87.31,⭐️ 買進標的
2026-07-21,美股模組,DDOG,Datadog,263.2,80.6,⭐️ 買進標的
2026-07-21,美股模組,MU,Micron Technology,865.46,76.81,⭐️ 買進標的
2026-07-21,美股模組,FTNT,Fortinet,160.36,72.44,⭐️ 買進標的
2026-07-21,美股模組,PANW,Palo Alto Networks,348.66,72.34,⭐️ 買進標的
2026-07-21,美股模組,LNVGY,Lenovo Group Limited,54.05,68.65,⭐️ 買進標的
2026-07-21,美股模組,AMD,Advanced Micro Devices,503.57,66.7,⭐️ 買進標的
2026-07-21,美股模組,DVA,DaVita,234.1,63.54,⭐️ 買進標的
2026-07-21,台股模組,00631L.TW,元大台灣50正2,34.34,5.43,❌ 跌破SOX 10MA(連4日)
2026-07-21,台股模組,00675L.TW,富邦臺灣加權正2,296.55,4.28,❌ 跌破SOX 10MA(連4日)
2026-07-21,台股模組,2466.TW,冠西電,118.0,103.01,⭐️ 買進標的
2026-07-21,台股模組,1303.TW,南亞,195.5,75.52,⭐️ 買進標的
2026-07-21,台股模組,6505.TW,台塑化,85.4,63.27,⭐️ 買進標的
2026-07-21,台股模組,6446.TW,藥華藥,1175.0,59.95,⭐️ 買進標的
2026-07-21,台股模組,2059.TW,川湖,7975.0,56.25,⭐️ 買進標的
2026-07-21,台股模組,8046.TW,南電,1190.0,44.58,⭐️ 買進標的
2026-07-21,台股模組,3481.TW,群創,50.7,38.16,⭐️ 買進標的
2026-07-21,台股模組,2395.TW,研華,567.0,37.43,⭐️ 買進標的
2026-07-21,台股模組,2327.TW,國巨*,670.0,35.91,⭐️ 買進標的
2026-07-21,台股模組,2493.TW,揚博,238.5,34.5,⭐️ 買進標的
2026-07-21,美股模組,USD,ProShares Ultra Semiconductors,83.24,16.26,⭐️ 買進標的
2026-07-21,美股模組,SOXL,Direxion Daily Semiconductor Bull 3X Shares,136.81,46.18,❌ 跌破TWII濾網
2026-07-21,美股模組,BWET,Breakwave Tanker Shipping ETF,225.24,221.86,⭐️ 買進標的
2026-07-21,美股模組,DELL,Dell Technologies,381.88,102.5,⭐️ 買進標的
2026-07-21,美股模組,SNDK,Sandisk,1390.95,87.31,⭐️ 買進標的
2026-07-21,美股模組,DDOG,Datadog,263.2,80.6,⭐️ 買進標的
2026-07-21,美股模組,MU,Micron Technology,865.46,76.81,⭐️ 買進標的
2026-07-21,美股模組,FTNT,Fortinet,160.36,72.44,⭐️ 買進標的
2026-07-21,美股模組,PANW,Palo Alto Networks,348.66,72.34,⭐️ 買進標的
2026-07-21,美股模組,LNVGY,Lenovo Group Limited,54.05,68.65,⭐️ 買進標的
2026-07-21,美股模組,AMD,Advanced Micro Devices,503.57,66.7,⭐️ 買進標的
2026-07-21,美股模組,DVA,DaVita,234.1,63.54,⭐️ 買進標的
2026-07-22,台股模組,00631L.TW,元大台灣50正2,32.06,3.5,❌ 跌破SOX 10MA(連4日)
2026-07-22,台股模組,00675L.TW,富邦臺灣加權正2,275.05,1.63,❌ 跌破SOX 10MA(連4日)
2026-07-22,台股模組,2466.TW,冠西電,118.0,103.01,⭐️ 買進標的
2026-07-22,台股模組,1303.TW,南亞,195.5,75.52,⭐️ 買進標的
2026-07-22,台股模組,6505.TW,台塑化,85.4,63.27,⭐️ 買進標的
2026-07-22,台股模組,6446.TW,藥華藥,1175.0,59.95,⭐️ 買進標的
2026-07-22,台股模組,2059.TW,川湖,7975.0,56.25,⭐️ 買進標的
2026-07-22,台股模組,8046.TW,南電,1190.0,44.58,⭐️ 買進標的
2026-07-22,台股模組,3481.TW,群創,50.7,38.16,⭐️ 買進標的
2026-07-22,台股模組,2395.TW,研華,567.0,37.43,⭐️ 買進標的
2026-07-22,台股模組,2327.TW,國巨*,670.0,35.91,⭐️ 買進標的
2026-07-22,台股模組,2493.TW,揚博,238.5,34.5,⭐️ 買進標的
2026-07-22,美股模組,USD,ProShares Ultra Semiconductors,90.15,22.51,⭐️ 買進標的
2026-07-22,美股模組,SOXL,Direxion Daily Semiconductor Bull 3X Shares,158.54,61.0,❌ 跌破TWII濾網
2026-07-22,美股模組,BWET,Breakwave Tanker Shipping ETF,243.01,244.64,⭐️ 買進標的
2026-07-22,美股模組,DELL,Dell Technologies,404.15,111.67,⭐️ 買進標的
2026-07-22,美股模組,SNDK,Sandisk,1589.4,110.37,⭐️ 買進標的
2026-07-22,美股模組,MU,Micron Technology,970.82,89.98,⭐️ 買進標的
2026-07-22,美股模組,LNVGY,Lenovo Group Limited,59.17,88.15,⭐️ 買進標的
2026-07-22,美股模組,AMD,Advanced Micro Devices,544.43,78.05,⭐️ 買進標的
2026-07-22,美股模組,DDOG,Datadog,254.79,74.9,⭐️ 買進標的
2026-07-22,美股模組,STX,Seagate Technology,891.83,74.26,⭐️ 買進標的
2026-07-22,美股模組,FTNT,Fortinet,158.1,70.13,⭐️ 買進標的
2026-07-22,美股模組,PANW,Palo Alto Networks,342.15,67.67,⭐️ 買進標的
2026-07-22,台股模組,00631L.TW,元大台灣50正2,34.8,7.56,❌ 跌破SOX 10MA(連4日)
2026-07-22,台股模組,00675L.TW,富邦臺灣加權正2,301.75,7.02,❌ 跌破SOX 10MA(連4日)
2026-07-22,台股模組,2466.TW,冠西電,115.5,101.12,⭐️ 買進標的
2026-07-22,台股模組,1303.TW,南亞,208.0,84.53,⭐️ 買進標的
2026-07-22,台股模組,6505.TW,台塑化,85.1,64.24,⭐️ 買進標的
2026-07-22,台股模組,6446.TW,藥華藥,1180.0,61.1,⭐️ 買進標的
2026-07-22,台股模組,2059.TW,川湖,8125.0,57.59,⭐️ 買進標的
2026-07-22,台股模組,2493.TW,揚博,262.0,54.88,⭐️ 買進標的
2026-07-22,台股模組,8046.TW,南電,1305.0,53.36,⭐️ 買進標的
2026-07-22,台股模組,2408.TW,南亞科,445.5,51.21,⭐️ 買進標的
2026-07-22,台股模組,2395.TW,研華,596.0,46.77,⭐️ 買進標的
2026-07-22,台股模組,2327.TW,國巨*,703.0,46.67,⭐️ 買進標的
2026-07-22,美股模組,USD,ProShares Ultra Semiconductors,90.15,22.51,⭐️ 買進標的
2026-07-22,美股模組,SOXL,Direxion Daily Semiconductor Bull 3X Shares,158.54,61.0,⭐️ 買進標的
2026-07-22,美股模組,BWET,Breakwave Tanker Shipping ETF,243.01,244.64,⭐️ 買進標的
2026-07-22,美股模組,DELL,Dell Technologies,404.15,112.02,⭐️ 買進標的
2026-07-22,美股模組,SNDK,Sandisk,1589.4,110.37,⭐️ 買進標的
2026-07-22,美股模組,MU,Micron Technology,970.82,89.98,⭐️ 買進標的
2026-07-22,美股模組,LNVGY,Lenovo Group Limited,59.2,88.25,⭐️ 買進標的
2026-07-22,美股模組,AMD,Advanced Micro Devices,544.43,78.05,⭐️ 買進標的
2026-07-22,美股模組,DDOG,Datadog,254.79,74.9,⭐️ 買進標的
2026-07-22,美股模組,STX,Seagate Technology,891.83,74.26,⭐️ 買進標的
2026-07-22,美股模組,FTNT,Fortinet,158.1,70.13,⭐️ 買進標的
2026-07-22,美股模組,PANW,Palo Alto Networks,342.15,67.67,⭐️ 買進標的
2026-07-23,台股模組,00631L.TW,元大台灣50正2,34.34,5.43,❌ 跌破SOX 10MA(連4日)
2026-07-23,台股模組,00675L.TW,富邦臺灣加權正2,296.55,4.28,❌ 跌破SOX 10MA(連4日)
2026-07-23,台股模組,2466.TW,冠西電,115.5,101.12,⭐️ 買進標的
2026-07-23,台股模組,1303.TW,南亞,208.0,84.53,⭐️ 買進標的
2026-07-23,台股模組,6505.TW,台塑化,85.1,64.24,⭐️ 買進標的
2026-07-23,台股模組,6446.TW,藥華藥,1180.0,61.1,⭐️ 買進標的
2026-07-23,台股模組,2059.TW,川湖,8125.0,57.59,⭐️ 買進標的
2026-07-23,台股模組,2493.TW,揚博,262.0,54.88,⭐️ 買進標的
2026-07-23,台股模組,8046.TW,南電,1305.0,53.36,⭐️ 買進標的
2026-07-23,台股模組,2408.TW,南亞科,445.5,51.21,⭐️ 買進標的
2026-07-23,台股模組,2395.TW,研華,596.0,46.77,⭐️ 買進標的
2026-07-23,台股模組,2327.TW,國巨*,703.0,46.67,⭐️ 買進標的
2026-07-23,美股模組,USD,ProShares Ultra Semiconductors,92.55,29.67,⭐️ 買進標的
2026-07-23,美股模組,SOXL,Direxion Daily Semiconductor Bull 3X Shares,160.99,65.17,❌ 跌破TWII濾網
2026-07-23,美股模組,BWET,Breakwave Tanker Shipping ETF,238.01,263.59,⭐️ 買進標的
2026-07-23,美股模組,DELL,Dell Technologies,441.8,137.91,⭐️ 買進標的
2026-07-23,美股模組,LNVGY,Lenovo Group Limited,62.0,101.02,⭐️ 買進標的
2026-07-23,美股模組,SNDK,Sandisk,1599.27,100.1,⭐️ 買進標的
2026-07-23,美股模組,MU,Micron Technology,959.48,85.26,⭐️ 買進標的
2026-07-23,美股模組,AMD,Advanced Micro Devices,552.33,77.48,⭐️ 買進標的
2026-07-23,美股模組,STX,Seagate Technology,908.1,74.87,⭐️ 買進標的
2026-07-23,美股模組,DDOG,Datadog,245.77,70.39,⭐️ 買進標的
2026-07-23,美股模組,HPE,Hewlett Packard Enterprise,48.13,68.52,⭐️ 買進標的
2026-07-23,美股模組,FTNT,Fortinet,155.05,64.66,⭐️ 買進標的
2026-07-23,台股模組,00631L.TW,元大台灣50正2,35.07,11.97,❌ 跌破SOX 10MA(連4日)
2026-07-23,台股模組,00675L.TW,富邦臺灣加權正2,304.0,11.24,❌ 跌破SOX 10MA(連4日)
2026-07-23,台股模組,2466.TW,冠西電,104.0,80.99,⭐️ 買進標的
2026-07-23,台股模組,1303.TW,南亞,197.0,79.61,⭐️ 買進標的
2026-07-23,台股模組,6505.TW,台塑化,93.2,76.6,⭐️ 買進標的
2026-07-23,台股模組,2059.TW,川湖,8200.0,69.0,⭐️ 買進標的
2026-07-23,台股模組,6446.TW,藥華藥,1150.0,56.56,⭐️ 買進標的
2026-07-23,台股模組,2327.TW,國巨*,696.0,51.96,⭐️ 買進標的
2026-07-23,台股模組,2408.TW,南亞科,426.0,50.91,⭐️ 買進標的
2026-07-23,台股模組,2395.TW,研華,600.0,50.68,⭐️ 買進標的
2026-07-23,台股模組,3481.TW,群創,51.9,47.56,⭐️ 買進標的
2026-07-23,台股模組,2493.TW,揚博,236.0,45.01,⭐️ 買進標的
2026-07-23,美股模組,USD,ProShares Ultra Semiconductors,92.55,29.67,⭐️ 買進標的
2026-07-23,美股模組,SOXL,Direxion Daily Semiconductor Bull 3X Shares,160.99,65.17,⭐️ 買進標的
2026-07-23,美股模組,BWET,Breakwave Tanker Shipping ETF,238.01,263.59,⭐️ 買進標的
2026-07-23,美股模組,DELL,Dell Technologies,441.8,137.91,⭐️ 買進標的
2026-07-23,美股模組,LNVGY,Lenovo Group Limited,61.95,100.85,⭐️ 買進標的
2026-07-23,美股模組,SNDK,Sandisk,1599.27,100.1,⭐️ 買進標的
2026-07-23,美股模組,MU,Micron Technology,959.48,85.26,⭐️ 買進標的
2026-07-23,美股模組,AMD,Advanced Micro Devices,552.33,77.48,⭐️ 買進標的
2026-07-23,美股模組,STX,Seagate Technology,908.1,74.87,⭐️ 買進標的
2026-07-23,美股模組,DDOG,Datadog,245.77,70.39,⭐️ 買進標的
2026-07-23,美股模組,HPE,Hewlett Packard Enterprise,48.13,68.52,⭐️ 買進標的
2026-07-23,美股模組,FTNT,Fortinet,155.05,64.66,⭐️ 買進標的
2026-07-24,台股模組,00631L.TW,元大台灣50正2,34.8,7.56,❌ 跌破SOX 10MA(連4日)
2026-07-24,台股模組,00675L.TW,富邦臺灣加權正2,301.75,7.02,❌ 跌破SOX 10MA(連4日)
2026-07-24,台股模組,2466.TW,冠西電,104.0,80.99,⭐️ 買進標的
2026-07-24,台股模組,1303.TW,南亞,197.0,79.61,⭐️ 買進標的
2026-07-24,台股模組,6505.TW,台塑化,93.2,76.6,⭐️ 買進標的
2026-07-24,台股模組,2059.TW,川湖,8200.0,69.0,⭐️ 買進標的
2026-07-24,台股模組,6446.TW,藥華藥,1150.0,56.56,⭐️ 買進標的
2026-07-24,台股模組,2327.TW,國巨*,696.0,51.96,⭐️ 買進標的
2026-07-24,台股模組,2408.TW,南亞科,426.0,50.91,⭐️ 買進標的
2026-07-24,台股模組,2395.TW,研華,600.0,50.68,⭐️ 買進標的
2026-07-24,台股模組,3481.TW,群創,51.9,47.56,⭐️ 買進標的
2026-07-24,台股模組,2493.TW,揚博,236.0,45.01,⭐️ 買進標的
2026-07-24,美股模組,USD,ProShares Ultra Semiconductors,90.94,26.23,⭐️ 買進標的
2026-07-24,美股模組,SOXL,Direxion Daily Semiconductor Bull 3X Shares,157.5,55.09,⭐️ 買進標的
2026-07-24,美股模組,BWET,Breakwave Tanker Shipping ETF,247.74,266.27,⭐️ 買進標的
2026-07-24,美股模組,DELL,Dell Technologies,439.34,132.54,⭐️ 買進標的
2026-07-24,美股模組,LNVGY,Lenovo Group Limited,61.76,97.94,⭐️ 買進標的
2026-07-24,美股模組,SNDK,Sandisk,1610.33,89.24,⭐️ 買進標的
2026-07-24,美股模組,MU,Micron Technology,990.21,83.98,⭐️ 買進標的
2026-07-24,美股模組,STX,Seagate Technology,913.36,70.54,⭐️ 買進標的
2026-07-24,美股模組,AMD,Advanced Micro Devices,539.69,65.9,⭐️ 買進標的
2026-07-24,美股模組,HPE,Hewlett Packard Enterprise,47.64,64.58,⭐️ 買進標的
2026-07-24,美股模組,DDOG,Datadog,244.39,64.57,⭐️ 買進標的
2026-07-24,美股模組,DVA,DaVita,234.27,61.72,⭐️ 買進標的
2026-07-24,台股模組,00631L.TW,元大台灣50正2,33.5,2.79,❌ 跌破SOX 10MA(連4日)
2026-07-24,台股模組,00675L.TW,富邦臺灣加權正2,289.6,1.57,❌ 跌破SOX 10MA(連4日)
2026-07-24,台股模組,2466.TW,冠西電,95.0,69.53,⭐️ 買進標的
2026-07-24,台股模組,6505.TW,台塑化,85.8,61.77,⭐️ 買進標的
2026-07-24,台股模組,1303.TW,南亞,177.5,61.35,⭐️ 買進標的
2026-07-24,台股模組,2059.TW,川湖,7735.0,54.78,⭐️ 買進標的
2026-07-24,台股模組,6446.TW,藥華藥,1135.0,54.38,⭐️ 買進標的
2026-07-24,台股模組,2395.TW,研華,581.0,45.65,⭐️ 買進標的
2026-07-24,台股模組,3481.TW,群創,49.5,43.12,⭐️ 買進標的
2026-07-24,台股模組,2408.TW,南亞科,401.0,39.81,⭐️ 買進標的
2026-07-24,台股模組,2327.TW,國巨*,642.0,37.39,⭐️ 買進標的
2026-07-24,台股模組,00715L.TW,期街口布蘭特正2,55.35,32.2,⭐️ 買進標的
2026-07-24,美股模組,USD,ProShares Ultra Semiconductors,90.94,26.23,⭐️ 買進標的
2026-07-24,美股模組,SOXL,Direxion Daily Semiconductor Bull 3X Shares,157.5,55.09,❌ 跌破TWII濾網
2026-07-24,美股模組,BWET,Breakwave Tanker Shipping ETF,247.74,266.27,⭐️ 買進標的
2026-07-24,美股模組,DELL,Dell Technologies,439.34,132.54,⭐️ 買進標的
2026-07-24,美股模組,LNVGY,Lenovo Group Limited,61.77,97.97,⭐️ 買進標的
2026-07-24,美股模組,SNDK,Sandisk,1610.33,89.24,⭐️ 買進標的
2026-07-24,美股模組,MU,Micron Technology,990.21,83.98,⭐️ 買進標的
2026-07-24,美股模組,STX,Seagate Technology,913.36,70.54,⭐️ 買進標的
2026-07-24,美股模組,AMD,Advanced Micro Devices,539.69,65.9,⭐️ 買進標的
2026-07-24,美股模組,HPE,Hewlett Packard Enterprise,47.64,64.58,⭐️ 買進標的
2026-07-24,美股模組,DDOG,Datadog,244.39,64.57,⭐️ 買進標的
2026-07-24,美股模組,DVA,DaVita,234.27,61.72,⭐️ 買進標的
2026-07-27,台股模組,00631L.TW,元大台灣50正2,33.5,2.79,❌ 跌破SOX 10MA(連4日)
2026-07-27,台股模組,00675L.TW,富邦臺灣加權正2,289.6,1.57,❌ 跌破SOX 10MA(連4日)
2026-07-27,台股模組,2466.TW,冠西電,95.0,69.53,⭐️ 買進標的
2026-07-27,台股模組,6505.TW,台塑化,85.8,61.77,⭐️ 買進標的
2026-07-27,台股模組,1303.TW,南亞,177.5,61.35,⭐️ 買進標的
2026-07-27,台股模組,2059.TW,川湖,7735.0,54.78,⭐️ 買進標的
2026-07-27,台股模組,6446.TW,藥華藥,1135.0,54.38,⭐️ 買進標的
2026-07-27,台股模組,2395.TW,研華,581.0,45.65,⭐️ 買進標的
2026-07-27,台股模組,3481.TW,群創,49.5,43.12,⭐️ 買進標的
2026-07-27,台股模組,2408.TW,南亞科,401.0,39.81,⭐️ 買進標的
2026-07-27,台股模組,2327.TW,國巨*,642.0,37.39,⭐️ 買進標的
2026-07-27,台股模組,00715L.TW,期街口布蘭特正2,55.35,32.2,⭐️ 買進標的
2026-07-27,美股模組,USD,ProShares Ultra Semiconductors,85.74,18.98,⭐️ 買進標的
2026-07-27,美股模組,SOXL,Direxion Daily Semiconductor Bull 3X Shares,136.81,31.87,❌ 跌破TWII濾網
2026-07-27,美股模組,BWET,Breakwave Tanker Shipping ETF,240.23,260.34,⭐️ 買進標的
2026-07-27,美股模組,DELL,Dell Technologies,437.5,127.56,⭐️ 買進標的
2026-07-27,美股模組,LNVGY,Lenovo Group Limited,61.77,97.05,⭐️ 買進標的
2026-07-27,美股模組,SNDK,Sandisk,1436.56,71.48,⭐️ 買進標的
2026-07-27,美股模組,MU,Micron Technology,920.95,70.28,⭐️ 買進標的
2026-07-27,美股模組,HPE,Hewlett Packard Enterprise,47.69,64.81,⭐️ 買進標的
2026-07-27,美股模組,DDOG,Datadog,246.86,64.01,⭐️ 買進標的
2026-07-27,美股模組,FTNT,Fortinet,152.37,61.76,⭐️ 買進標的
2026-07-27,美股模組,PANW,Palo Alto Networks,323.79,59.36,⭐️ 買進標的
2026-07-27,美股模組,DVA,DaVita,235.44,59.35,⭐️ 買進標的
2026-07-27,台股模組,00631L.TW,元大台灣50正2,33.54,4.18,❌ 跌破SOX 10MA(連4日)
2026-07-27,台股模組,00675L.TW,富邦臺灣加權正2,290.05,3.33,❌ 跌破SOX 10MA(連4日)
2026-07-27,台股模組,2466.TW,冠西電,93.9,69.03,⭐️ 買進標的
2026-07-27,台股模組,6446.TW,藥華藥,1195.0,66.94,⭐️ 買進標的
2026-07-27,台股模組,2059.TW,川湖,8275.0,63.67,⭐️ 買進標的
2026-07-27,台股模組,1303.TW,南亞,174.0,58.63,⭐️ 買進標的
2026-07-27,台股模組,6505.TW,台塑化,77.9,49.71,⭐️ 買進標的
2026-07-27,台股模組,2395.TW,研華,577.0,45.89,⭐️ 買進標的
2026-07-27,台股模組,2408.TW,南亞科,436.0,45.26,⭐️ 買進標的
2026-07-27,台股模組,3481.TW,群創,47.35,36.1,⭐️ 買進標的
2026-07-27,台股模組,4916.TW,事欣科,102.0,35.02,⭐️ 買進標的
2026-07-27,台股模組,2377.TW,微星,146.5,34.13,⭐️ 買進標的
2026-07-27,美股模組,USD,ProShares Ultra Semiconductors,90.94,26.23,⭐️ 買進標的
2026-07-27,美股模組,SOXL,Direxion Daily Semiconductor Bull 3X Shares,157.5,55.09,❌ 跌破TWII濾網
2026-07-27,美股模組,BWET,Breakwave Tanker Shipping ETF,247.74,266.27,⭐️ 買進標的
2026-07-27,美股模組,DELL,Dell Technologies,439.34,132.54,⭐️ 買進標的
2026-07-27,美股模組,LNVGY,Lenovo Group Limited,61.77,97.97,⭐️ 買進標的
2026-07-27,美股模組,SNDK,Sandisk,1610.33,89.24,⭐️ 買進標的
2026-07-27,美股模組,MU,Micron Technology,990.21,83.98,⭐️ 買進標的
2026-07-27,美股模組,STX,Seagate Technology,913.36,70.54,⭐️ 買進標的
2026-07-27,美股模組,AMD,Advanced Micro Devices,539.69,65.9,⭐️ 買進標的
2026-07-27,美股模組,HPE,Hewlett Packard Enterprise,47.64,64.58,⭐️ 買進標的
2026-07-27,美股模組,DDOG,Datadog,244.39,64.57,⭐️ 買進標的
2026-07-27,美股模組,DVA,DaVita,234.27,61.72,⭐️ 買進標的
2026-07-27,台股模組,00631L.TW,元大台灣50正2,33.54,4.18,❌ 跌破SOX 10MA(連4日)
2026-07-27,台股模組,00675L.TW,富邦臺灣加權正2,290.05,3.33,❌ 跌破SOX 10MA(連4日)
2026-07-27,台股模組,2466.TW,冠西電,93.9,69.03,⭐️ 買進標的
2026-07-27,台股模組,6446.TW,藥華藥,1195.0,66.94,⭐️ 買進標的
2026-07-27,台股模組,2059.TW,川湖,8275.0,63.67,⭐️ 買進標的
2026-07-27,台股模組,1303.TW,南亞,174.0,58.63,⭐️ 買進標的
2026-07-27,台股模組,6505.TW,台塑化,77.9,49.71,⭐️ 買進標的
2026-07-27,台股模組,2395.TW,研華,577.0,45.89,⭐️ 買進標的
2026-07-27,台股模組,2408.TW,南亞科,436.0,45.26,⭐️ 買進標的
2026-07-27,台股模組,3481.TW,群創,47.35,36.1,⭐️ 買進標的
2026-07-27,台股模組,4916.TW,事欣科,102.0,35.02,⭐️ 買進標的
2026-07-27,台股模組,2377.TW,微星,146.5,34.13,⭐️ 買進標的
2026-07-27,美股模組,USD,ProShares Ultra Semiconductors,90.94,26.23,⭐️ 買進標的
2026-07-27,美股模組,SOXL,Direxion Daily Semiconductor Bull 3X Shares,157.5,55.09,❌ 跌破TWII濾網
2026-07-27,美股模組,BWET,Breakwave Tanker Shipping ETF,247.74,266.27,⭐️ 買進標的
2026-07-27,美股模組,DELL,Dell Technologies,439.34,132.54,⭐️ 買進標的
2026-07-27,美股模組,LNVGY,Lenovo Group Limited,61.77,97.97,⭐️ 買進標的
2026-07-27,美股模組,SNDK,Sandisk,1610.33,89.24,⭐️ 買進標的
2026-07-27,美股模組,MU,Micron Technology,990.21,83.98,⭐️ 買進標的
2026-07-27,美股模組,STX,Seagate Technology,913.36,70.54,⭐️ 買進標的
2026-07-27,美股模組,AMD,Advanced Micro Devices,539.69,65.9,⭐️ 買進標的
2026-07-27,美股模組,HPE,Hewlett Packard Enterprise,47.64,64.58,⭐️ 買進標的
2026-07-27,美股模組,DDOG,Datadog,244.39,64.57,⭐️ 買進標的
2026-07-27,美股模組,DVA,DaVita,234.27,61.72,⭐️ 買進標的
2026-07-28,台股模組,00631L.TW,元大台灣50正2,33.54,4.18,❌ 跌破SOX 10MA(連4日)
2026-07-28,台股模組,00675L.TW,富邦臺灣加權正2,290.05,3.33,❌ 跌破SOX 10MA(連4日)
2026-07-28,台股模組,2466.TW,冠西電,93.9,69.03,⭐️ 買進標的
2026-07-28,台股模組,6446.TW,藥華藥,1195.0,66.94,⭐️ 買進標的
2026-07-28,台股模組,2059.TW,川湖,8275.0,63.67,⭐️ 買進標的
2026-07-28,台股模組,1303.TW,南亞,174.0,58.63,⭐️ 買進標的
2026-07-28,台股模組,6505.TW,台塑化,77.9,49.71,⭐️ 買進標的
2026-07-28,台股模組,2395.TW,研華,577.0,45.89,⭐️ 買進標的
2026-07-28,台股模組,2408.TW,南亞科,436.0,45.26,⭐️ 買進標的
2026-07-28,台股模組,3481.TW,群創,47.35,36.1,⭐️ 買進標的
2026-07-28,台股模組,4916.TW,事欣科,102.0,35.02,⭐️ 買進標的
2026-07-28,台股模組,2377.TW,微星,146.5,34.13,⭐️ 買進標的
2026-07-28,美股模組,USD,ProShares Ultra Semiconductors,80.19,7.22,⭐️ 買進標的
2026-07-28,美股模組,SOXL,Direxion Daily Semiconductor Bull 3X Shares,128.15,19.54,❌ 跌破TWII濾網
2026-07-28,美股模組,BWET,Breakwave Tanker Shipping ETF,242.13,274.11,❌ SOX動能轉弱
2026-07-28,美股模組,DELL,Dell Technologies,426.91,124.64,❌ SOX動能轉弱
2026-07-28,美股模組,LNVGY,Lenovo Group Limited,62.4,93.65,❌ SOX動能轉弱
2026-07-28,美股模組,HPE,Hewlett Packard Enterprise,48.19,68.62,❌ SOX動能轉弱
2026-07-28,美股模組,DDOG,Datadog,251.86,67.35,❌ SOX動能轉弱
2026-07-28,美股模組,DVA,DaVita,236.31,61.65,❌ SOX動能轉弱
2026-07-28,美股模組,MU,Micron Technology,900.2,60.27,❌ SOX動能轉弱
2026-07-28,美股模組,FTNT,Fortinet,152.38,56.32,❌ SOX動能轉弱
2026-07-28,美股模組,PANW,Palo Alto Networks,317.32,54.04,❌ SOX動能轉弱
2026-07-28,美股模組,STX,Seagate Technology,816.99,51.92,❌ SOX動能轉弱
2026-07-28,台股模組,00631L.TW,元大台灣50正2,30.6,-5.56,❌ 跌破SOX 10MA(連4日)
2026-07-28,台股模組,00675L.TW,富邦臺灣加權正2,262.7,-7.14,❌ 跌破SOX 10MA(連4日)
2026-07-28,台股模組,2466.TW,冠西電,94.6,67.92,⭐️ 買進標的
2026-07-28,台股模組,6446.TW,藥華藥,1115.0,48.12,⭐️ 買進標的
2026-07-28,台股模組,2059.TW,川湖,7450.0,45.98,⭐️ 買進標的
2026-07-28,台股模組,1303.TW,南亞,157.0,40.2,⭐️ 買進標的
2026-07-28,台股模組,6505.TW,台塑化,74.6,39.56,⭐️ 買進標的
2026-07-28,台股模組,2395.TW,研華,556.0,37.48,⭐️ 買進標的
2026-07-28,台股模組,4916.TW,事欣科,97.1,28.77,⭐️ 買進標的
2026-07-28,台股模組,3481.TW,群創,45.0,28.12,⭐️ 買進標的
2026-07-28,台股模組,2408.TW,南亞科,392.5,26.36,⭐️ 買進標的
2026-07-28,台股模組,2887.TW,台新新光金,33.95,25.83,⭐️ 買進標的
2026-07-28,美股模組,USD,ProShares Ultra Semiconductors,80.19,7.22,⭐️ 買進標的
2026-07-28,美股模組,SOXL,Direxion Daily Semiconductor Bull 3X Shares,128.15,19.54,❌ 跌破TWII濾網
2026-07-28,美股模組,BWET,Breakwave Tanker Shipping ETF,242.13,263.18,⭐️ 買進標的
2026-07-28,美股模組,DELL,Dell Technologies,426.91,124.64,⭐️ 買進標的
2026-07-28,美股模組,LNVGY,Lenovo Group Limited,62.4,99.06,⭐️ 買進標的
2026-07-28,美股模組,HPE,Hewlett Packard Enterprise,48.19,68.62,⭐️ 買進標的
2026-07-28,美股模組,DDOG,Datadog,251.86,67.35,⭐️ 買進標的
2026-07-28,美股模組,MU,Micron Technology,900.2,60.27,⭐️ 買進標的
2026-07-28,美股模組,DVA,DaVita,236.31,59.94,⭐️ 買進標的
2026-07-28,美股模組,FTNT,Fortinet,152.38,56.32,⭐️ 買進標的
2026-07-28,美股模組,PANW,Palo Alto Networks,317.32,54.04,⭐️ 買進標的
2026-07-28,美股模組,STX,Seagate Technology,816.99,51.92,⭐️ 買進標的
2026-07-29,台股模組,00631L.TW,元大台灣50正2,33.54,4.18,❌ 跌破SOX 10MA(連4日)
2026-07-29,台股模組,00675L.TW,富邦臺灣加權正2,290.05,3.33,❌ 跌破SOX 10MA(連4日)
2026-07-29,台股模組,2466.TW,冠西電,94.6,67.92,⭐️ 買進標的
2026-07-29,台股模組,6446.TW,藥華藥,1115.0,48.12,⭐️ 買進標的
2026-07-29,台股模組,2059.TW,川湖,7450.0,45.98,⭐️ 買進標的
2026-07-29,台股模組,1303.TW,南亞,157.0,40.2,⭐️ 買進標的
2026-07-29,台股模組,6505.TW,台塑化,74.6,39.56,⭐️ 買進標的
2026-07-29,台股模組,2395.TW,研華,556.0,37.48,⭐️ 買進標的
2026-07-29,台股模組,4916.TW,事欣科,97.1,28.77,⭐️ 買進標的
2026-07-29,台股模組,3481.TW,群創,45.0,28.12,⭐️ 買進標的
2026-07-29,台股模組,2408.TW,南亞科,392.5,26.36,⭐️ 買進標的
2026-07-29,台股模組,2887.TW,台新新光金,33.95,25.83,⭐️ 買進標的
2026-07-29,美股模組,USD,ProShares Ultra Semiconductors,75.84,3.21,⭐️ 買進標的
2026-07-29,美股模組,SOXL,Direxion Daily Semiconductor Bull 3X Shares,109.54,6.68,❌ 跌破TWII濾網
2026-07-29,美股模組,BWET,Breakwave Tanker Shipping ETF,238.06,267.82,❌ SOX動能轉弱
2026-07-29,美股模組,DELL,Dell Technologies,392.1,106.66,❌ SOX動能轉弱
2026-07-29,美股模組,LNVGY,Lenovo Group Limited,60.0,86.2,❌ SOX動能轉弱
2026-07-29,美股模組,DVA,DaVita,239.46,63.8,❌ SOX動能轉弱
2026-07-29,美股模組,HPE,Hewlett Packard Enterprise,45.59,59.8,❌ SOX動能轉弱
2026-07-29,美股模組,DDOG,Datadog,250.88,59.12,❌ SOX動能轉弱
2026-07-29,美股模組,NTAP,NetApp,174.53,51.63,❌ SOX動能轉弱
2026-07-29,美股模組,FTNT,Fortinet,149.98,51.57,❌ SOX動能轉弱
2026-07-29,美股模組,PANW,Palo Alto Networks,319.0,50.81,❌ SOX動能轉弱
2026-07-29,美股模組,MU,Micron Technology,820.53,46.64,❌ SOX動能轉弱
2026-07-29,台股模組,00631L.TW,元大台灣50正2,28.53,-13.37,❌ 跌破SOX 10MA(連4日)
2026-07-29,台股模組,00675L.TW,富邦臺灣加權正2,244.75,-14.99,❌ 跌破SOX 10MA(連4日)
2026-07-29,台股模組,2466.TW,冠西電,89.8,45.03,⭐️ 買進標的
2026-07-29,台股模組,6505.TW,台塑化,74.8,38.71,⭐️ 買進標的
2026-07-29,台股模組,6446.TW,藥華藥,1080.0,37.43,⭐️ 買進標的
2026-07-29,台股模組,2059.TW,川湖,7145.0,34.42,⭐️ 買進標的
2026-07-29,台股模組,2395.TW,研華,550.0,33.85,⭐️ 買進標的
2026-07-29,台股模組,2357.TW,華碩,761.0,26.67,⭐️ 買進標的
2026-07-29,台股模組,2887.TW,台新新光金,32.6,21.46,⭐️ 買進標的
2026-07-29,台股模組,1303.TW,南亞,141.5,20.31,⭐️ 買進標的
2026-07-29,台股模組,2883.TW,凱基金,29.15,20.29,⭐️ 買進標的
2026-07-29,台股模組,3481.TW,群創,41.8,19.7,⭐️ 買進標的
2026-07-29,美股模組,USD,ProShares Ultra Semiconductors,75.84,3.21,⭐️ 買進標的
2026-07-29,美股模組,SOXL,Direxion Daily Semiconductor Bull 3X Shares,109.54,6.68,❌ 跌破TWII濾網
2026-07-29,美股模組,BWET,Breakwave Tanker Shipping ETF,238.06,268.85,❌ SOX動能轉弱
2026-07-29,美股模組,DELL,Dell Technologies,392.1,106.66,❌ SOX動能轉弱
2026-07-29,美股模組,LNVGY,Lenovo Group Limited,60.11,87.3,❌ SOX動能轉弱
2026-07-29,美股模組,DVA,DaVita,239.46,64.22,❌ SOX動能轉弱
2026-07-29,美股模組,HPE,Hewlett Packard Enterprise,45.59,59.8,❌ SOX動能轉弱
2026-07-29,美股模組,DDOG,Datadog,250.88,59.12,❌ SOX動能轉弱
2026-07-29,美股模組,FTNT,Fortinet,149.98,51.57,❌ SOX動能轉弱
2026-07-29,美股模組,NTAP,NetApp,174.53,51.45,❌ SOX動能轉弱
2026-07-29,美股模組,PANW,Palo Alto Networks,319.0,50.81,❌ SOX動能轉弱
2026-07-29,美股模組,MU,Micron Technology,820.53,46.64,❌ SOX動能轉弱
2026-07-30,台股模組,00631L.TW,元大台灣50正2,30.6,-5.56,❌ 跌破SOX 10MA(連4日)
2026-07-30,台股模組,00675L.TW,富邦臺灣加權正2,262.7,-7.14,❌ 跌破SOX 10MA(連4日)
2026-07-30,台股模組,2466.TW,冠西電,89.8,45.03,⭐️ 買進標的
2026-07-30,台股模組,6505.TW,台塑化,74.8,38.71,⭐️ 買進標的
2026-07-30,台股模組,6446.TW,藥華藥,1080.0,37.43,⭐️ 買進標的
2026-07-30,台股模組,2059.TW,川湖,7145.0,34.42,⭐️ 買進標的
2026-07-30,台股模組,2395.TW,研華,550.0,33.85,⭐️ 買進標的
2026-07-30,台股模組,2357.TW,華碩,761.0,26.67,⭐️ 買進標的
2026-07-30,台股模組,2887.TW,台新新光金,32.6,21.46,⭐️ 買進標的
2026-07-30,台股模組,00918.TW,大華優利高填息30,31.83,21.32,⭐️ 買進標的
2026-07-30,台股模組,1303.TW,南亞,141.5,20.31,⭐️ 買進標的
2026-07-30,台股模組,2883.TW,凱基金,29.15,20.29,⭐️ 買進標的
2026-07-30,美股模組,USD,ProShares Ultra Semiconductors,68.78,-7.69,⭐️ 買進標的
2026-07-30,美股模組,SOXL,Direxion Daily Semiconductor Bull 3X Shares,91.99,-11.84,❌ 跌破TWII濾網
2026-07-30,美股模組,BWET,Breakwave Tanker Shipping ETF,257.0,275.15,❌ SOX動能轉弱
2026-07-30,美股模組,DELL,Dell Technologies,369.64,97.67,❌ SOX動能轉弱
2026-07-30,美股模組,LNVGY,Lenovo Group Limited,57.98,83.63,❌ SOX動能轉弱
2026-07-30,美股模組,DVA,DaVita,240.96,66.13,❌ SOX動能轉弱
2026-07-30,美股模組,DDOG,Datadog,264.2,66.09,❌ SOX動能轉弱
2026-07-30,美股模組,HPE,Hewlett Packard Enterprise,44.44,55.73,❌ SOX動能轉弱
2026-07-30,美股模組,FTNT,Fortinet,153.22,54.95,❌ SOX動能轉弱
2026-07-30,美股模組,NTAP,NetApp,173.23,49.12,❌ SOX動能轉弱
2026-07-30,美股模組,PANW,Palo Alto Networks,314.15,46.47,❌ SOX動能轉弱
2026-07-30,美股模組,MPC,Marathon Petroleum,308.72,44.54,❌ SOX動能轉弱
2026-07-30,台股模組,00631L.TW,元大台灣50正2,28.38,-14.46,❌ 跌破SOX 10MA(連4日)
2026-07-30,台股模組,00675L.TW,富邦臺灣加權正2,242.25,-16.17,❌ 跌破SOX 10MA(連4日)
2026-07-30,台股模組,2466.TW,冠西電,92.7,45.34,⭐️ 買進標的
2026-07-30,台股模組,2059.TW,川湖,7140.0,37.94,⭐️ 買進標的
2026-07-30,台股模組,2395.TW,研華,547.0,33.26,⭐️ 買進標的
2026-07-30,台股模組,6505.TW,台塑化,71.6,31.71,⭐️ 買進標的
2026-07-30,台股模組,6446.TW,藥華藥,1025.0,27.95,⭐️ 買進標的
2026-07-30,台股模組,2880.TW,華南金,42.65,24.64,⭐️ 買進標的
2026-07-30,台股模組,2887.TW,台新新光金,33.15,24.1,⭐️ 買進標的
2026-07-30,台股模組,2357.TW,華碩,737.0,23.56,⭐️ 買進標的
2026-07-30,台股模組,2881.TW,富邦金,124.0,21.84,⭐️ 買進標的
2026-07-30,台股模組,2886.TW,兆豐金,51.5,21.65,⭐️ 買進標的
2026-07-30,美股模組,USD,ProShares Ultra Semiconductors,68.78,-7.69,⭐️ 買進標的
2026-07-30,美股模組,SOXL,Direxion Daily Semiconductor Bull 3X Shares,91.99,-11.84,❌ 跌破TWII濾網
2026-07-30,美股模組,BWET,Breakwave Tanker Shipping ETF,257.0,275.15,❌ SOX動能轉弱
2026-07-30,美股模組,DELL,Dell Technologies,369.64,97.67,❌ SOX動能轉弱
2026-07-30,美股模組,LNVGY,Lenovo Group Limited,57.95,83.54,❌ SOX動能轉弱
2026-07-30,美股模組,DVA,DaVita,240.96,66.13,❌ SOX動能轉弱
2026-07-30,美股模組,DDOG,Datadog,264.2,66.09,❌ SOX動能轉弱
2026-07-30,美股模組,HPE,Hewlett Packard Enterprise,44.44,55.73,❌ SOX動能轉弱
2026-07-30,美股模組,FTNT,Fortinet,153.22,54.95,❌ SOX動能轉弱
2026-07-30,美股模組,NTAP,NetApp,173.23,49.12,❌ SOX動能轉弱
2026-07-30,美股模組,PANW,Palo Alto Networks,314.15,46.47,❌ SOX動能轉弱
2026-07-30,美股模組,MPC,Marathon Petroleum,308.72,44.54,❌ SOX動能轉弱
2026-07-31,台股模組,00631L.TW,元大台灣50正2,28.53,-13.37,❌ 跌破SOX 10MA(連4日)
2026-07-31,台股模組,00675L.TW,富邦臺灣加權正2,244.75,-14.99,❌ 跌破SOX 10MA(連4日)
2026-07-31,台股模組,2466.TW,冠西電,92.7,45.34,⭐️ 買進標的
2026-07-31,台股模組,2059.TW,川湖,7140.0,37.94,⭐️ 買進標的
2026-07-31,台股模組,2395.TW,研華,547.0,33.26,⭐️ 買進標的
2026-07-31,台股模組,6505.TW,台塑化,71.6,31.71,⭐️ 買進標的
2026-07-31,台股模組,6446.TW,藥華藥,1025.0,27.95,⭐️ 買進標的
2026-07-31,台股模組,2880.TW,華南金,42.65,24.64,⭐️ 買進標的
2026-07-31,台股模組,2887.TW,台新新光金,33.15,24.1,⭐️ 買進標的
2026-07-31,台股模組,2357.TW,華碩,737.0,23.56,⭐️ 買進標的
2026-07-31,台股模組,2881.TW,富邦金,124.0,21.84,⭐️ 買進標的
2026-07-31,台股模組,2886.TW,兆豐金,51.5,21.65,⭐️ 買進標的
2026-07-31,美股模組,USD,ProShares Ultra Semiconductors,77.57,0.47,⭐️ 買進標的
2026-07-31,美股模組,SOXL,Direxion Daily Semiconductor Bull 3X Shares,114.72,1.31,❌ 跌破TWII濾網
2026-07-31,美股模組,BWET,Breakwave Tanker Shipping ETF,263.9,287.91,❌ SOX動能轉弱
2026-07-31,美股模組,DELL,Dell Technologies,404.81,112.61,❌ SOX動能轉弱
2026-07-31,美股模組,LNVGY,Lenovo Group Limited,57.17,78.6,❌ SOX動能轉弱
2026-07-31,美股模組,DDOG,Datadog,268.56,64.89,❌ SOX動能轉弱
2026-07-31,美股模組,HPE,Hewlett Packard Enterprise,47.14,63.58,❌ SOX動能轉弱
2026-07-31,美股模組,DVA,DaVita,238.86,63.37,❌ SOX動能轉弱
2026-07-31,美股模組,FTNT,Fortinet,154.25,55.82,❌ SOX動能轉弱
2026-07-31,美股模組,PANW,Palo Alto Networks,325.68,50.72,❌ SOX動能轉弱
2026-07-31,美股模組,NTAP,NetApp,173.98,49.99,❌ SOX動能轉弱
2026-07-31,美股模組,MU,Micron Technology,874.66,48.52,❌ SOX動能轉弱
2026-07-31,台股模組,00631L.TW,元大台灣50正2,33.7,-2.31,❌ 跌破SOX 10MA(連4日)
2026-07-31,台股模組,00675L.TW,富邦臺灣加權正2,286.6,-4.88,❌ 跌破SOX 10MA(連4日)
2026-07-31,台股模組,2059.TW,川湖,7850.0,46.6,⭐️ 買進標的
2026-07-31,台股模組,2466.TW,冠西電,91.1,38.43,⭐️ 買進標的
2026-07-31,台股模組,2887.TW,台新新光金,35.95,36.18,⭐️ 買進標的
2026-07-31,台股模組,2357.TW,華碩,810.0,33.62,⭐️ 買進標的
2026-07-31,台股模組,6446.TW,藥華藥,1060.0,33.44,⭐️ 買進標的
2026-07-31,台股模組,1303.TW,南亞,159.5,31.33,⭐️ 買進標的
2026-07-31,台股模組,2883.TW,凱基金,30.85,29.88,⭐️ 買進標的
2026-07-31,台股模組,2395.TW,研華,563.0,29.18,⭐️ 買進標的
2026-07-31,台股模組,6505.TW,台塑化,70.8,28.5,⭐️ 買進標的
2026-07-31,台股模組,2881.TW,富邦金,130.0,28.25,⭐️ 買進標的
2026-07-31,美股模組,USD,ProShares Ultra Semiconductors,77.57,0.47,⭐️ 買進標的
2026-07-31,美股模組,SOXL,Direxion Daily Semiconductor Bull 3X Shares,114.72,1.31,⭐️ 買進標的
2026-07-31,美股模組,BWET,Breakwave Tanker Shipping ETF,263.9,287.91,❌ SOX動能轉弱
2026-07-31,美股模組,DELL,Dell Technologies,404.81,112.61,❌ SOX動能轉弱
2026-07-31,美股模組,LNVGY,Lenovo Group Limited,57.17,78.6,❌ SOX動能轉弱
2026-07-31,美股模組,DDOG,Datadog,268.56,64.89,❌ SOX動能轉弱
2026-07-31,美股模組,HPE,Hewlett Packard Enterprise,47.14,63.58,❌ SOX動能轉弱
2026-07-31,美股模組,DVA,DaVita,238.86,63.37,❌ SOX動能轉弱
2026-07-31,美股模組,FTNT,Fortinet,154.25,55.82,❌ SOX動能轉弱
2026-07-31,美股模組,PANW,Palo Alto Networks,325.68,50.72,❌ SOX動能轉弱
2026-07-31,美股模組,NTAP,NetApp,173.98,49.99,❌ SOX動能轉弱
2026-07-31,美股模組,MU,Micron Technology,874.66,48.52,❌ SOX動能轉弱
2026-08-03,台股模組,00631L.TW,元大台灣50正2,33.7,-2.31,❌ 跌破SOX 10MA(連4日)
2026-08-03,台股模組,00675L.TW,富邦臺灣加權正2,286.6,-4.88,❌ 跌破SOX 10MA(連4日)
2026-08-03,台股模組,2059.TW,川湖,7850.0,46.6,⭐️ 買進標的
2026-08-03,台股模組,2466.TW,冠西電,91.1,38.43,⭐️ 買進標的
2026-08-03,台股模組,2887.TW,台新新光金,35.95,36.18,⭐️ 買進標的
2026-08-03,台股模組,2357.TW,華碩,810.0,33.62,⭐️ 買進標的
2026-08-03,台股模組,6446.TW,藥華藥,1060.0,33.44,⭐️ 買進標的
2026-08-03,台股模組,1303.TW,南亞,159.5,31.33,⭐️ 買進標的
2026-08-03,台股模組,2883.TW,凱基金,30.85,29.88,⭐️ 買進標的
2026-08-03,台股模組,2395.TW,研華,563.0,29.18,⭐️ 買進標的
2026-08-03,台股模組,6505.TW,台塑化,70.8,28.5,⭐️ 買進標的
2026-08-03,台股模組,2881.TW,富邦金,130.0,28.25,⭐️ 買進標的
2026-08-03,美股模組,USD,ProShares Ultra Semiconductors,78.69,4.75,⭐️ 買進標的
2026-08-03,美股模組,SOXL,Direxion Daily Semiconductor Bull 3X Shares,114.72,1.96,⭐️ 買進標的
2026-08-03,美股模組,BWET,Breakwave Tanker Shipping ETF,268.49,274.2,❌ SOX動能轉弱
2026-08-03,美股模組,DELL,Dell Technologies,405.37,111.18,❌ SOX動能轉弱
2026-08-03,美股模組,LNVGY,Lenovo Group Limited,61.19,90.19,❌ SOX動能轉弱
2026-08-03,美股模組,AXTI,"AXT, Inc.",60.43,79.38,❌ SOX動能轉弱
2026-08-03,美股模組,DDOG,Datadog,267.97,71.03,❌ SOX動能轉弱
2026-08-03,美股模組,HPE,Hewlett Packard Enterprise,47.9,65.21,❌ SOX動能轉弱
2026-08-03,美股模組,FTNT,Fortinet,161.95,64.21,❌ SOX動能轉弱
2026-08-03,美股模組,DVA,DaVita,240.09,61.31,❌ SOX動能轉弱
2026-08-03,美股模組,PANW,Palo Alto Networks,331.83,55.88,❌ SOX動能轉弱
2026-08-03,美股模組,NTAP,NetApp,178.5,53.05,❌ SOX動能轉弱
2026-08-03,台股模組,00631L.TW,元大台灣50正2,32.62,-5.49,❌ 跌破SOX 10MA(連4日)
2026-08-03,台股模組,00675L.TW,富邦臺灣加權正2,280.1,-7.26,❌ 跌破SOX 10MA(連4日)
2026-08-03,台股模組,2059.TW,川湖,8635.0,58.26,⭐️ 買進標的
2026-08-03,台股模組,6446.TW,藥華藥,1165.0,46.35,⭐️ 買進標的
2026-08-03,台股模組,2466.TW,冠西電,97.4,45.85,⭐️ 買進標的
2026-08-03,台股模組,2357.TW,華碩,799.0,31.22,⭐️ 買進標的
2026-08-03,台股模組,2887.TW,台新新光金,35.3,31.19,⭐️ 買進標的
2026-08-03,台股模組,2395.TW,研華,576.0,30.66,⭐️ 買進標的
2026-08-03,台股模組,1303.TW,南亞,165.0,30.27,⭐️ 買進標的
2026-08-03,台股模組,3231.TW,緯創,186.0,28.53,⭐️ 買進標的
2026-08-03,台股模組,2881.TW,富邦金,129.5,26.12,⭐️ 買進標的
2026-08-03,台股模組,2408.TW,南亞科,396.5,26.11,⭐️ 買進標的
2026-08-03,美股模組,USD,ProShares Ultra Semiconductors,78.69,4.75,⭐️ 買進標的
2026-08-03,美股模組,SOXL,Direxion Daily Semiconductor Bull 3X Shares,114.72,1.96,⭐️ 買進標的
2026-08-03,美股模組,BWET,Breakwave Tanker Shipping ETF,268.49,274.2,❌ SOX動能轉弱
2026-08-03,美股模組,DELL,Dell Technologies,405.37,111.18,❌ SOX動能轉弱
2026-08-03,美股模組,LNVGY,Lenovo Group Limited,61.19,90.19,❌ SOX動能轉弱
2026-08-03,美股模組,AXTI,"AXT, Inc.",60.43,79.38,❌ SOX動能轉弱
2026-08-03,美股模組,DDOG,Datadog,267.97,71.03,❌ SOX動能轉弱
2026-08-03,美股模組,HPE,Hewlett Packard Enterprise,47.9,65.21,❌ SOX動能轉弱
2026-08-03,美股模組,FTNT,Fortinet,161.95,64.21,❌ SOX動能轉弱
2026-08-03,美股模組,DVA,DaVita,240.09,61.31,❌ SOX動能轉弱
2026-08-03,美股模組,PANW,Palo Alto Networks,331.83,55.88,❌ SOX動能轉弱
2026-08-03,美股模組,NTAP,NetApp,178.5,53.05,❌ SOX動能轉弱
2026-08-04,台股模組,00631L.TW,元大台灣50正2,32.62,-5.49,❌ 跌破SOX 10MA(連4日)
2026-08-04,台股模組,00675L.TW,富邦臺灣加權正2,280.1,-7.26,❌ 跌破SOX 10MA(連4日)
2026-08-04,台股模組,2059.TW,川湖,7850.0,46.6,⭐️ 買進標的
2026-08-04,台股模組,2466.TW,冠西電,91.1,38.43,⭐️ 買進標的
2026-08-04,台股模組,2887.TW,台新新光金,35.95,36.18,⭐️ 買進標的
2026-08-04,台股模組,2357.TW,華碩,810.0,33.62,⭐️ 買進標的
2026-08-04,台股模組,6446.TW,藥華藥,1060.0,33.44,⭐️ 買進標的
2026-08-04,台股模組,1303.TW,南亞,159.5,31.33,⭐️ 買進標的
2026-08-04,台股模組,2883.TW,凱基金,30.85,29.88,⭐️ 買進標的
2026-08-04,台股模組,2395.TW,研華,563.0,29.18,⭐️ 買進標的
2026-08-04,台股模組,6505.TW,台塑化,70.8,28.5,⭐️ 買進標的
2026-08-04,台股模組,2881.TW,富邦金,130.0,28.25,⭐️ 買進標的
2026-08-04,美股模組,USD,ProShares Ultra Semiconductors,81.32,12.15,⭐️ 買進標的
2026-08-04,美股模組,SOXL,Direxion Daily Semiconductor Bull 3X Shares,116.71,14.23,⭐️ 買進標的
2026-08-04,美股模組,BWET,Breakwave Tanker Shipping ETF,259.37,235.84,❌ SOX動能轉弱
2026-08-04,美股模組,DELL,Dell Technologies,429.02,130.04,❌ SOX動能轉弱
2026-08-04,美股模組,LNVGY,Lenovo Group Limited,64.11,102.9,❌ SOX動能轉弱
2026-08-04,美股模組,AXTI,"AXT, Inc.",68.67,87.73,❌ SOX動能轉弱
2026-08-04,美股模組,HPE,Hewlett Packard Enterprise,50.24,77.96,❌ SOX動能轉弱
2026-08-04,美股模組,DDOG,Datadog,273.6,70.45,❌ SOX動能轉弱
2026-08-04,美股模組,FTNT,Fortinet,163.21,64.81,❌ SOX動能轉弱
2026-08-04,美股模組,PANW,Palo Alto Networks,347.13,62.53,❌ SOX動能轉弱
2026-08-04,美股模組,NTAP,NetApp,182.92,58.04,❌ SOX動能轉弱
2026-08-04,美股模組,DVA,DaVita,233.68,55.76,❌ SOX動能轉弱
2026-08-04,台股模組,00631L.TW,元大台灣50正2,32.15,-8.11,❌ 跌破SOX 10MA(連4日)
2026-08-04,台股模組,00675L.TW,富邦臺灣加權正2,278.1,-8.73,❌ 跌破SOX 10MA(連4日)
2026-08-04,台股模組,2059.TW,川湖,9495.0,68.88,⭐️ 買進標的
2026-08-04,台股模組,6446.TW,藥華藥,1215.0,49.68,⭐️ 買進標的
2026-08-04,台股模組,2466.TW,冠西電,95.1,39.37,⭐️ 買進標的
2026-08-04,台股模組,3008.TW,大立光,4355.0,39.07,⭐️ 買進標的
2026-08-04,台股模組,1303.TW,南亞,170.5,37.63,⭐️ 買進標的
2026-08-04,台股模組,3231.TW,緯創,195.0,32.97,⭐️ 買進標的
2026-08-04,台股模組,2887.TW,台新新光金,35.55,31.07,⭐️ 買進標的
2026-08-04,台股模組,3189.TW,景碩,767.0,29.88,⭐️ 買進標的
2026-08-04,台股模組,2408.TW,南亞科,436.0,29.56,⭐️ 買進標的
2026-08-04,台股模組,2395.TW,研華,576.0,28.97,⭐️ 買進標的
2026-08-04,美股模組,USD,ProShares Ultra Semiconductors,78.69,4.75,⭐️ 買進標的
2026-08-04,美股模組,SOXL,Direxion Daily Semiconductor Bull 3X Shares,114.72,1.96,⭐️ 買進標的
2026-08-04,美股模組,BWET,Breakwave Tanker Shipping ETF,268.49,274.2,❌ SOX動能轉弱
2026-08-04,美股模組,DELL,Dell Technologies,405.37,111.18,❌ SOX動能轉弱
2026-08-04,美股模組,LNVGY,Lenovo Group Limited,61.19,90.19,❌ SOX動能轉弱
2026-08-04,美股模組,AXTI,"AXT, Inc.",60.43,79.38,❌ SOX動能轉弱
2026-08-04,美股模組,DDOG,Datadog,267.97,71.03,❌ SOX動能轉弱
2026-08-04,美股模組,HPE,Hewlett Packard Enterprise,47.9,65.21,❌ SOX動能轉弱
2026-08-04,美股模組,FTNT,Fortinet,161.95,64.21,❌ SOX動能轉弱
2026-08-04,美股模組,DVA,DaVita,240.09,61.31,❌ SOX動能轉弱
2026-08-04,美股模組,PANW,Palo Alto Networks,331.83,55.88,❌ SOX動能轉弱
2026-08-04,美股模組,NTAP,NetApp,178.5,53.05,❌ SOX動能轉弱
2026-08-05,台股模組,00631L.TW,元大台灣50正2,32.62,-5.49,❌ 跌破SOX 10MA(連4日)
2026-08-05,台股模組,00675L.TW,富邦臺灣加權正2,280.1,-7.26,❌ 跌破SOX 10MA(連4日)
2026-08-05,台股模組,2059.TW,川湖,9495.0,68.88,⭐️ 買進標的
2026-08-05,台股模組,6446.TW,藥華藥,1215.0,49.68,⭐️ 買進標的
2026-08-05,台股模組,2466.TW,冠西電,95.1,39.37,⭐️ 買進標的
2026-08-05,台股模組,3008.TW,大立光,4355.0,39.07,⭐️ 買進標的
2026-08-05,台股模組,1303.TW,南亞,170.5,37.63,⭐️ 買進標的
2026-08-05,台股模組,3231.TW,緯創,195.0,32.97,⭐️ 買進標的
2026-08-05,台股模組,2887.TW,台新新光金,35.55,31.07,⭐️ 買進標的
2026-08-05,台股模組,3189.TW,景碩,767.0,29.88,⭐️ 買進標的
2026-08-05,台股模組,2408.TW,南亞科,436.0,29.56,⭐️ 買進標的
2026-08-05,台股模組,2395.TW,研華,576.0,28.97,⭐️ 買進標的
2026-08-05,美股模組,USD,ProShares Ultra Semiconductors,89.77,23.6,⭐️ 買進標的
2026-08-05,美股模組,SOXL,Direxion Daily Semiconductor Bull 3X Shares,139.9,32.04,⭐️ 買進標的
2026-08-05,美股模組,BWET,Breakwave Tanker Shipping ETF,253.0,232.43,⭐️ 買進標的
2026-08-05,美股模組,DELL,Dell Technologies,467.27,142.94,⭐️ 買進標的
2026-08-05,美股模組,LNVGY,Lenovo Group Limited,66.47,111.49,⭐️ 買進標的
2026-08-05,美股模組,HPE,Hewlett Packard Enterprise,52.39,81.56,⭐️ 買進標的
2026-08-05,美股模組,DDOG,Datadog,288.15,77.52,⭐️ 買進標的
2026-08-05,美股模組,PANW,Palo Alto Networks,366.34,69.93,⭐️ 買進標的
2026-08-05,美股模組,FTNT,Fortinet,168.29,66.42,⭐️ 買進標的
2026-08-05,美股模組,NTAP,NetApp,190.46,62.01,⭐️ 買進標的
2026-08-05,美股模組,CRWD,CrowdStrike,211.22,59.5,⭐️ 買進標的
2026-08-05,美股模組,AXTI,"AXT, Inc.",65.27,58.68,⭐️ 買進標的
2026-08-05,台股模組,00631L.TW,元大台灣50正2,34.15,-2.39,❌ 跌破SOX 10MA(連4日)
2026-08-05,台股模組,00675L.TW,富邦臺灣加權正2,295.1,-3.15,❌ 跌破SOX 10MA(連4日)
2026-08-05,台股模組,6446.TW,藥華藥,1335.0,62.06,⭐️ 買進標的
2026-08-05,台股模組,2059.TW,川湖,9470.0,55.16,⭐️ 買進標的
2026-08-05,台股模組,1303.TW,南亞,177.0,51.89,⭐️ 買進標的
2026-08-05,台股模組,3008.TW,大立光,4575.0,47.64,⭐️ 買進標的
2026-08-05,台股模組,3189.TW,景碩,828.0,44.47,⭐️ 買進標的
2026-08-05,台股模組,2466.TW,冠西電,96.3,42.51,⭐️ 買進標的
2026-08-05,台股模組,2395.TW,研華,633.0,37.93,⭐️ 買進標的
2026-08-05,台股模組,2408.TW,南亞科,445.0,32.99,⭐️ 買進標的
2026-08-05,台股模組,2357.TW,華碩,838.0,32.95,⭐️ 買進標的
2026-08-05,台股模組,3231.TW,緯創,193.0,32.85,⭐️ 買進標的
2026-08-05,美股模組,USD,ProShares Ultra Semiconductors,89.77,23.6,⭐️ 買進標的
2026-08-05,美股模組,SOXL,Direxion Daily Semiconductor Bull 3X Shares,139.9,32.04,⭐️ 買進標的
2026-08-05,美股模組,BWET,Breakwave Tanker Shipping ETF,253.0,232.43,⭐️ 買進標的
2026-08-05,美股模組,DELL,Dell Technologies,467.27,142.94,⭐️ 買進標的
2026-08-05,美股模組,LNVGY,Lenovo Group Limited,66.48,111.52,⭐️ 買進標的
2026-08-05,美股模組,HPE,Hewlett Packard Enterprise,52.39,81.56,⭐️ 買進標的
2026-08-05,美股模組,DDOG,Datadog,288.15,77.52,⭐️ 買進標的
2026-08-05,美股模組,PANW,Palo Alto Networks,366.34,69.93,⭐️ 買進標的
2026-08-05,美股模組,FTNT,Fortinet,168.29,66.42,⭐️ 買進標的
2026-08-05,美股模組,NTAP,NetApp,190.46,62.01,⭐️ 買進標的
2026-08-05,美股模組,CRWD,CrowdStrike,211.22,59.5,⭐️ 買進標的
2026-08-05,美股模組,AXTI,"AXT, Inc.",65.27,58.68,⭐️ 買進標的
2026-08-06,台股模組,00631L.TW,元大台灣50正2,32.15,-8.11,❌ 跌破SOX 10MA(連4日)
2026-08-06,台股模組,00675L.TW,富邦臺灣加權正2,278.1,-8.73,❌ 跌破SOX 10MA(連4日)
2026-08-06,台股模組,6446.TW,藥華藥,1335.0,62.06,⭐️ 買進標的
2026-08-06,台股模組,2059.TW,川湖,9470.0,55.16,⭐️ 買進標的
2026-08-06,台股模組,1303.TW,南亞,177.0,51.89,⭐️ 買進標的
2026-08-06,台股模組,3008.TW,大立光,4575.0,47.64,⭐️ 買進標的
2026-08-06,台股模組,3189.TW,景碩,828.0,44.47,⭐️ 買進標的
2026-08-06,台股模組,2466.TW,冠西電,96.3,42.51,⭐️ 買進標的
2026-08-06,台股模組,2395.TW,研華,633.0,37.93,⭐️ 買進標的
2026-08-06,台股模組,2408.TW,南亞科,445.0,32.99,⭐️ 買進標的
2026-08-06,台股模組,2357.TW,華碩,838.0,32.95,⭐️ 買進標的
2026-08-06,台股模組,3231.TW,緯創,193.0,32.85,⭐️ 買進標的
2026-08-06,美股模組,USD,ProShares Ultra Semiconductors,90.62,28.08,⭐️ 買進標的
2026-08-06,美股模組,SOXL,Direxion Daily Semiconductor Bull 3X Shares,132.07,29.11,⭐️ 買進標的
2026-08-06,美股模組,BWET,Breakwave Tanker Shipping ETF,257.11,233.49,⭐️ 買進標的
2026-08-06,美股模組,DELL,Dell Technologies,462.7,140.72,⭐️ 買進標的
2026-08-06,美股模組,LNVGY,Lenovo Group Limited,67.44,113.35,⭐️ 買進標的
2026-08-06,美股模組,HPE,Hewlett Packard Enterprise,53.22,82.25,⭐️ 買進標的
2026-08-06,美股模組,DDOG,Datadog,283.17,80.41,⭐️ 買進標的
2026-08-06,美股模組,AXTI,"AXT, Inc.",68.61,76.45,⭐️ 買進標的
2026-08-06,美股模組,PANW,Palo Alto Networks,362.66,74.29,⭐️ 買進標的
2026-08-06,美股模組,FTNT,Fortinet,164.13,64.31,⭐️ 買進標的
2026-08-06,美股模組,CRWD,CrowdStrike,209.86,61.01,⭐️ 買進標的
2026-08-06,美股模組,NTAP,NetApp,186.6,57.96,⭐️ 買進標的
2026-08-06,台股模組,00631L.TW,元大台灣50正2,33.85,-2.3,❌ 跌破SOX 10MA(連4日)
2026-08-06,台股模組,00675L.TW,富邦臺灣加權正2,293.0,-2.64,❌ 跌破SOX 10MA(連4日)
2026-08-06,台股模組,2059.TW,川湖,10100.0,57.31,⭐️ 買進標的
2026-08-06,台股模組,1303.TW,南亞,178.5,50.26,⭐️ 買進標的
2026-08-06,台股模組,3189.TW,景碩,853.0,49.77,⭐️ 買進標的
2026-08-06,台股模組,3008.TW,大立光,4625.0,48.52,⭐️ 買進標的
2026-08-06,台股模組,6446.TW,藥華藥,1290.0,45.74,⭐️ 買進標的
2026-08-06,台股模組,2466.TW,冠西電,95.5,44.02,⭐️ 買進標的
2026-08-06,台股模組,2408.TW,南亞科,459.0,41.98,⭐️ 買進標的
2026-08-06,台股模組,4916.TW,事欣科,108.0,36.5,⭐️ 買進標的
2026-08-06,台股模組,3231.TW,緯創,189.5,31.72,⭐️ 買進標的
2026-08-06,台股模組,3653.TW,健策,4450.0,31.3,⭐️ 買進標的
2026-08-06,美股模組,USD,ProShares Ultra Semiconductors,90.62,28.08,⭐️ 買進標的
2026-08-06,美股模組,SOXL,Direxion Daily Semiconductor Bull 3X Shares,132.07,29.11,⭐️ 買進標的
2026-08-06,美股模組,BWET,Breakwave Tanker Shipping ETF,257.11,233.49,⭐️ 買進標的
2026-08-06,美股模組,DELL,Dell Technologies,462.7,140.72,⭐️ 買進標的
2026-08-06,美股模組,LNVGY,Lenovo Group Limited,67.45,113.38,⭐️ 買進標的
2026-08-06,美股模組,HPE,Hewlett Packard Enterprise,53.22,82.25,⭐️ 買進標的
2026-08-06,美股模組,DDOG,Datadog,283.17,80.41,⭐️ 買進標的
2026-08-06,美股模組,AXTI,"AXT, Inc.",68.61,76.45,⭐️ 買進標的
2026-08-06,美股模組,PANW,Palo Alto Networks,362.66,74.29,⭐️ 買進標的
2026-08-06,美股模組,FTNT,Fortinet,164.13,64.31,⭐️ 買進標的
2026-08-06,美股模組,CRWD,CrowdStrike,209.86,61.01,⭐️ 買進標的
2026-08-06,美股模組,NTAP,NetApp,186.6,57.96,⭐️ 買進標的
2026-08-07,台股模組,00631L.TW,元大台灣50正2,33.69,-2.77,❌ 跌破SOX 10MA(連4日)
2026-08-07,台股模組,00675L.TW,富邦臺灣加權正2,295.1,-3.04,❌ 跌破SOX 10MA(連4日)
2026-08-07,台股模組,2059.TW,川湖,10100.0,57.31,⭐️ 買進標的
2026-08-07,台股模組,1303.TW,南亞,178.5,50.26,⭐️ 買進標的
2026-08-07,台股模組,3189.TW,景碩,853.0,49.77,⭐️ 買進標的
2026-08-07,台股模組,3008.TW,大立光,4625.0,48.52,⭐️ 買進標的
2026-08-07,台股模組,6446.TW,藥華藥,1290.0,45.74,⭐️ 買進標的
2026-08-07,台股模組,2466.TW,冠西電,95.5,44.02,⭐️ 買進標的
2026-08-07,台股模組,2408.TW,南亞科,459.0,41.98,⭐️ 買進標的
2026-08-07,台股模組,4916.TW,事欣科,108.0,36.5,⭐️ 買進標的
2026-08-07,台股模組,3231.TW,緯創,189.5,31.72,⭐️ 買進標的
2026-08-07,台股模組,3653.TW,健策,4450.0,31.3,⭐️ 買進標的
2026-08-07,美股模組,USD,ProShares Ultra Semiconductors,90.54,27.94,⭐️ 買進標的
2026-08-07,美股模組,SOXL,Direxion Daily Semiconductor Bull 3X Shares,132.33,34.76,⭐️ 買進標的
2026-08-07,美股模組,BWET,Breakwave Tanker Shipping ETF,268.0,247.75,⭐️ 買進標的
2026-08-07,美股模組,DELL,Dell Technologies,437.65,115.12,⭐️ 買進標的
2026-08-07,美股模組,LNVGY,Lenovo Group Limited,65.3,102.06,⭐️ 買進標的
2026-08-07,美股模組,AXTI,"AXT, Inc.",75.17,99.22,⭐️ 買進標的
2026-08-07,美股模組,PANW,Palo Alto Networks,359.49,74.49,⭐️ 買進標的
2026-08-07,美股模組,HPE,Hewlett Packard Enterprise,52.43,72.75,⭐️ 買進標的
2026-08-07,美股模組,CRWD,CrowdStrike,207.39,61.82,⭐️ 買進標的
2026-08-07,美股模組,NTAP,NetApp,191.48,60.01,⭐️ 買進標的
2026-08-07,美股模組,FTNT,Fortinet,160.11,59.18,⭐️ 買進標的
2026-08-07,美股模組,MU,Micron Technology,881.47,52.54,⭐️ 買進標的
2026-08-07,台股模組,00631L.TW,元大台灣50正2,33.68,-2.65,❌ 跌破SOX 10MA(連4日)
2026-08-07,台股模組,00675L.TW,富邦臺灣加權正2,292.0,-3.05,❌ 跌破SOX 10MA(連4日)
2026-08-07,台股模組,2059.TW,川湖,11110.0,67.97,⭐️ 買進標的
2026-08-07,台股模組,1303.TW,南亞,188.0,55.02,⭐️ 買進標的
2026-08-07,台股模組,6446.TW,藥華藥,1240.0,45.77,⭐️ 買進標的
2026-08-07,台股模組,3008.TW,大立光,4385.0,41.66,⭐️ 買進標的
2026-08-07,台股模組,2466.TW,冠西電,91.4,34.96,⭐️ 買進標的
2026-08-07,台股模組,3189.TW,景碩,823.0,33.71,⭐️ 買進標的
2026-08-07,台股模組,3231.TW,緯創,183.5,31.92,⭐️ 買進標的
2026-08-07,台股模組,4916.TW,事欣科,108.0,31.32,⭐️ 買進標的
2026-08-07,台股模組,2408.TW,南亞科,457.0,28.63,⭐️ 買進標的
2026-08-07,台股模組,2006.TW,東和鋼鐵,88.5,28.4,⭐️ 買進標的
2026-08-07,美股模組,USD,ProShares Ultra Semiconductors,90.54,27.94,⭐️ 買進標的
2026-08-07,美股模組,SOXL,Direxion Daily Semiconductor Bull 3X Shares,132.33,34.76,⭐️ 買進標的
2026-08-07,美股模組,BWET,Breakwave Tanker Shipping ETF,268.0,247.75,⭐️ 買進標的
2026-08-07,美股模組,DELL,Dell Technologies,437.65,115.12,⭐️ 買進標的
2026-08-07,美股模組,LNVGY,Lenovo Group Limited,65.58,105.54,⭐️ 買進標的
2026-08-07,美股模組,AXTI,"AXT, Inc.",75.17,99.22,⭐️ 買進標的
2026-08-07,美股模組,PANW,Palo Alto Networks,359.49,74.49,⭐️ 買進標的
2026-08-07,美股模組,HPE,Hewlett Packard Enterprise,52.43,72.75,⭐️ 買進標的
2026-08-07,美股模組,CRWD,CrowdStrike,207.39,61.82,⭐️ 買進標的
2026-08-07,美股模組,NTAP,NetApp,191.48,60.01,⭐️ 買進標的
2026-08-07,美股模組,FTNT,Fortinet,160.11,59.18,⭐️ 買進標的
2026-08-07,美股模組,MU,Micron Technology,881.47,52.54,⭐️ 買進標的
2026-08-10,台股模組,00631L.TW,元大台灣50正2,33.68,-2.65,⭐️ 買進標的
2026-08-10,台股模組,00675L.TW,富邦臺灣加權正2,292.0,-3.05,⭐️ 買進標的
2026-08-10,台股模組,2059.TW,川湖,11110.0,67.97,⭐️ 買進標的
2026-08-10,台股模組,1303.TW,南亞,188.0,55.02,⭐️ 買進標的
2026-08-10,台股模組,6446.TW,藥華藥,1240.0,45.77,⭐️ 買進標的
2026-08-10,台股模組,3008.TW,大立光,4385.0,41.66,⭐️ 買進標的
2026-08-10,台股模組,2466.TW,冠西電,91.4,34.96,⭐️ 買進標的
2026-08-10,台股模組,3189.TW,景碩,823.0,33.71,⭐️ 買進標的
2026-08-10,台股模組,3231.TW,緯創,183.5,31.92,⭐️ 買進標的
2026-08-10,台股模組,4916.TW,事欣科,108.0,31.32,⭐️ 買進標的
2026-08-10,台股模組,2408.TW,南亞科,457.0,28.63,⭐️ 買進標的
2026-08-10,台股模組,2006.TW,東和鋼鐵,88.5,28.4,⭐️ 買進標的
2026-08-10,美股模組,USD,ProShares Ultra Semiconductors,93.67,32.44,⭐️ 買進標的
2026-08-10,美股模組,SOXL,Direxion Daily Semiconductor Bull 3X Shares,140.25,42.82,⭐️ 買進標的
2026-08-10,美股模組,BWET,Breakwave Tanker Shipping ETF,287.2,270.0,⭐️ 買進標的
2026-08-10,美股模組,DELL,Dell Technologies,453.77,131.15,⭐️ 買進標的
2026-08-10,美股模組,AXTI,"AXT, Inc.",88.58,118.96,⭐️ 買進標的
2026-08-10,美股模組,LNVGY,Lenovo Group Limited,71.93,117.58,⭐️ 買進標的
2026-08-10,美股模組,PANW,Palo Alto Networks,363.86,75.93,⭐️ 買進標的
2026-08-10,美股模組,HPE,Hewlett Packard Enterprise,53.22,74.88,⭐️ 買進標的
2026-08-10,美股模組,CRWD,CrowdStrike,214.42,68.36,⭐️ 買進標的
2026-08-10,美股模組,CRDO,Credo Technology Group Holding Ltd,249.89,60.54,⭐️ 買進標的
2026-08-10,美股模組,NTAP,NetApp,189.52,56.93,⭐️ 買進標的
2026-08-10,美股模組,TTXU,Direxion Daily Technology Top 5 Bull 2X ETF,35.32,56.92,⭐️ 買進標的
2026-08-10,台股模組,00631L.TW,元大台灣50正2,34.7,0.52,⭐️ 買進標的
2026-08-10,台股模組,00675L.TW,富邦臺灣加權正2,301.8,0.54,⭐️ 買進標的
2026-08-10,台股模組,2059.TW,川湖,11905.0,81.47,⭐️ 買進標的
2026-08-10,台股模組,6446.TW,藥華藥,1330.0,55.61,⭐️ 買進標的
2026-08-10,台股模組,1303.TW,南亞,185.0,55.28,⭐️ 買進標的
2026-08-10,台股模組,2466.TW,冠西電,97.1,46.0,⭐️ 買進標的
2026-08-10,台股模組,3231.TW,緯創,193.0,37.48,⭐️ 買進標的
2026-08-10,台股模組,3189.TW,景碩,836.0,37.34,⭐️ 買進標的
2026-08-10,台股模組,2408.TW,南亞科,502.0,36.08,⭐️ 買進標的
2026-08-10,台股模組,3008.TW,大立光,4400.0,34.41,⭐️ 買進標的
2026-08-10,台股模組,2395.TW,研華,667.0,31.98,⭐️ 買進標的
2026-08-10,台股模組,2887.TW,台新新光金,35.9,31.81,⭐️ 買進標的
2026-08-10,美股模組,USD,ProShares Ultra Semiconductors,93.67,32.44,⭐️ 買進標的
2026-08-10,美股模組,SOXL,Direxion Daily Semiconductor Bull 3X Shares,140.25,42.82,⭐️ 買進標的
2026-08-10,美股模組,BWET,Breakwave Tanker Shipping ETF,287.2,270.0,⭐️ 買進標的
2026-08-10,美股模組,DELL,Dell Technologies,453.77,131.15,⭐️ 買進標的
2026-08-10,美股模組,AXTI,"AXT, Inc.",88.58,118.96,⭐️ 買進標的
2026-08-10,美股模組,LNVGY,Lenovo Group Limited,71.93,117.58,⭐️ 買進標的
2026-08-10,美股模組,PANW,Palo Alto Networks,363.86,75.93,⭐️ 買進標的
2026-08-10,美股模組,HPE,Hewlett Packard Enterprise,53.22,74.88,⭐️ 買進標的
2026-08-10,美股模組,CRWD,CrowdStrike,214.42,68.36,⭐️ 買進標的
2026-08-10,美股模組,CRDO,Credo Technology Group Holding Ltd,249.89,60.54,⭐️ 買進標的
2026-08-10,美股模組,NTAP,NetApp,189.52,56.93,⭐️ 買進標的
2026-08-10,美股模組,TTXU,Direxion Daily Technology Top 5 Bull 2X ETF,35.32,56.92,⭐️ 買進標的
2026-08-11,台股模組,00631L.TW,元大台灣50正2,34.7,0.52,⭐️ 買進標的
2026-08-11,台股模組,00675L.TW,富邦臺灣加權正2,301.8,0.54,⭐️ 買進標的
2026-08-11,台股模組,2059.TW,川湖,11905.0,81.47,⭐️ 買進標的
2026-08-11,台股模組,6446.TW,藥華藥,1330.0,55.61,⭐️ 買進標的
2026-08-11,台股模組,1303.TW,南亞,185.0,55.28,⭐️ 買進標的
2026-08-11,台股模組,2466.TW,冠西電,97.1,46.0,⭐️ 買進標的
2026-08-11,台股模組,3231.TW,緯創,193.0,37.48,⭐️ 買進標的
2026-08-11,台股模組,3189.TW,景碩,836.0,37.34,⭐️ 買進標的
2026-08-11,台股模組,2408.TW,南亞科,502.0,36.08,⭐️ 買進標的
2026-08-11,台股模組,3008.TW,大立光,4400.0,34.41,⭐️ 買進標的
2026-08-11,台股模組,2395.TW,研華,667.0,31.98,⭐️ 買進標的
2026-08-11,台股模組,2887.TW,台新新光金,35.9,31.81,⭐️ 買進標的
2026-08-11,美股模組,USD,ProShares Ultra Semiconductors,89.08,15.32,⭐️ 買進標的
2026-08-11,美股模組,SOXL,Direxion Daily Semiconductor Bull 3X Shares,130.0,17.2,⭐️ 買進標的
2026-08-11,美股模組,BWET,Breakwave Tanker Shipping ETF,312.22,271.99,❌ SOX動能轉弱
2026-08-11,美股模組,LNVGY,Lenovo Group Limited,74.45,122.12,❌ SOX動能轉弱
2026-08-11,美股模組,DELL,Dell Technologies,457.88,120.53,❌ SOX動能轉弱
2026-08-11,美股模組,PANW,Palo Alto Networks,385.04,81.68,❌ SOX動能轉弱
2026-08-11,美股模組,HPE,Hewlett Packard Enterprise,54.68,73.78,❌ SOX動能轉弱
2026-08-11,美股模組,CRWD,CrowdStrike,225.16,72.89,❌ SOX動能轉弱
2026-08-11,美股模組,AXTI,"AXT, Inc.",73.81,66.41,❌ SOX動能轉弱
2026-08-11,美股模組,NTAP,NetApp,198.72,60.15,❌ SOX動能轉弱
2026-08-11,美股模組,DDOG,Datadog,260.78,55.01,❌ SOX動能轉弱
2026-08-11,美股模組,ZBRA,Zebra Technologies,378.08,52.13,❌ SOX動能轉弱
2026-08-11,台股模組,00631L.TW,元大台灣50正2,34.87,2.04,⭐️ 買進標的
2026-08-11,台股模組,00675L.TW,富邦臺灣加權正2,302.85,2.22,⭐️ 買進標的
2026-08-11,台股模組,2059.TW,川湖,12315.0,93.49,⭐️ 買進標的
2026-08-11,台股模組,6446.TW,藥華藥,1460.0,62.06,⭐️ 買進標的
2026-08-11,台股模組,1303.TW,南亞,190.0,57.98,⭐️ 買進標的
2026-08-11,台股模組,2493.TW,揚博,239.5,41.84,⭐️ 買進標的
2026-08-11,台股模組,2466.TW,冠西電,92.0,38.98,⭐️ 買進標的
2026-08-11,台股模組,3231.TW,緯創,191.0,37.01,⭐️ 買進標的
2026-08-11,台股模組,3189.TW,景碩,842.0,36.17,⭐️ 買進標的
2026-08-11,台股模組,2395.TW,研華,661.0,35.67,⭐️ 買進標的
2026-08-11,台股模組,2408.TW,南亞科,489.0,34.21,⭐️ 買進標的
2026-08-11,台股模組,2887.TW,台新新光金,35.55,31.55,⭐️ 買進標的
2026-08-11,美股模組,USD,ProShares Ultra Semiconductors,89.08,15.32,⭐️ 買進標的
2026-08-11,美股模組,SOXL,Direxion Daily Semiconductor Bull 3X Shares,130.0,17.2,⭐️ 買進標的
2026-08-11,美股模組,BWET,Breakwave Tanker Shipping ETF,312.22,271.99,❌ SOX動能轉弱
2026-08-11,美股模組,LNVGY,Lenovo Group Limited,74.46,122.15,❌ SOX動能轉弱
2026-08-11,美股模組,DELL,Dell Technologies,457.88,120.53,❌ SOX動能轉弱
2026-08-11,美股模組,PANW,Palo Alto Networks,385.04,81.68,❌ SOX動能轉弱
2026-08-11,美股模組,HPE,Hewlett Packard Enterprise,54.68,73.78,❌ SOX動能轉弱
2026-08-11,美股模組,CRWD,CrowdStrike,225.16,72.89,❌ SOX動能轉弱
2026-08-11,美股模組,AXTI,"AXT, Inc.",73.81,66.41,❌ SOX動能轉弱
2026-08-11,美股模組,NTAP,NetApp,198.72,60.15,❌ SOX動能轉弱
2026-08-11,美股模組,DDOG,Datadog,260.78,55.01,❌ SOX動能轉弱
2026-08-11,美股模組,ZBRA,Zebra Technologies,378.08,52.13,❌ SOX動能轉弱
2026-08-12,台股模組,00631L.TW,元大台灣50正2,34.7,0.52,⭐️ 買進標的
2026-08-12,台股模組,00675L.TW,富邦臺灣加權正2,301.8,0.54,⭐️ 買進標的
2026-08-12,台股模組,2059.TW,川湖,12315.0,93.49,⭐️ 買進標的
2026-08-12,台股模組,6446.TW,藥華藥,1460.0,62.06,⭐️ 買進標的
2026-08-12,台股模組,1303.TW,南亞,190.0,57.98,⭐️ 買進標的
2026-08-12,台股模組,2493.TW,揚博,239.5,41.84,⭐️ 買進標的
2026-08-12,台股模組,2466.TW,冠西電,92.0,38.98,⭐️ 買進標的
2026-08-12,台股模組,3231.TW,緯創,191.0,37.01,⭐️ 買進標的
2026-08-12,台股模組,3189.TW,景碩,842.0,36.17,⭐️ 買進標的
2026-08-12,台股模組,2395.TW,研華,661.0,35.67,⭐️ 買進標的
2026-08-12,台股模組,2408.TW,南亞科,489.0,34.21,⭐️ 買進標的
2026-08-12,台股模組,2887.TW,台新新光金,35.55,31.55,⭐️ 買進標的
2026-08-12,美股模組,USD,ProShares Ultra Semiconductors,89.29,14.75,⭐️ 買進標的
2026-08-12,美股模組,SOXL,Direxion Daily Semiconductor Bull 3X Shares,133.0,19.33,⭐️ 買進標的
2026-08-12,美股模組,BWET,Breakwave Tanker Shipping ETF,338.83,304.53,❌ SOX動能轉弱
2026-08-12,美股模組,LNVGY,Lenovo Group Limited,72.68,116.3,❌ SOX動能轉弱
2026-08-12,美股模組,DELL,Dell Technologies,440.97,116.22,❌ SOX動能轉弱
2026-08-12,美股模組,PANW,Palo Alto Networks,383.8,75.68,❌ SOX動能轉弱
2026-08-12,美股模組,HPE,Hewlett Packard Enterprise,54.38,73.79,❌ SOX動能轉弱
2026-08-12,美股模組,CRWD,CrowdStrike,221.9,66.43,❌ SOX動能轉弱
2026-08-12,美股模組,NTAP,NetApp,198.47,61.05,❌ SOX動能轉弱
2026-08-12,美股模組,AXTI,"AXT, Inc.",73.78,56.85,❌ SOX動能轉弱
2026-08-12,美股模組,ZBRA,Zebra Technologies,383.06,56.26,❌ SOX動能轉弱
2026-08-12,美股模組,CRL,Charles River Laboratories,282.0,47.33,❌ SOX動能轉弱
2026-08-12,台股模組,00631L.TW,元大台灣50正2,35.45,3.74,⭐️ 買進標的
2026-08-12,台股模組,00675L.TW,富邦臺灣加權正2,308.35,4.08,⭐️ 買進標的
2026-08-12,台股模組,2059.TW,川湖,12045.0,95.54,⭐️ 買進標的
2026-08-12,台股模組,6446.TW,藥華藥,1440.0,62.24,⭐️ 買進標的
2026-08-12,台股模組,1303.TW,南亞,189.0,56.32,⭐️ 買進標的
2026-08-12,台股模組,2466.TW,冠西電,94.0,41.87,⭐️ 買進標的
2026-08-12,台股模組,2395.TW,研華,686.0,41.58,⭐️ 買進標的
2026-08-12,台股模組,3231.TW,緯創,193.5,40.57,⭐️ 買進標的
2026-08-12,台股模組,3653.TW,健策,4470.0,40.08,⭐️ 買進標的
2026-08-12,台股模組,2493.TW,揚博,243.0,38.51,⭐️ 買進標的
2026-08-12,台股模組,3189.TW,景碩,858.0,35.62,⭐️ 買進標的
2026-08-12,台股模組,2887.TW,台新新光金,35.65,32.53,⭐️ 買進標的
2026-08-12,美股模組,USD,ProShares Ultra Semiconductors,89.29,14.75,⭐️ 買進標的
2026-08-12,美股模組,SOXL,Direxion Daily Semiconductor Bull 3X Shares,133.0,19.33,⭐️ 買進標的
2026-08-12,美股模組,BWET,Breakwave Tanker Shipping ETF,312.22,271.99,❌ SOX動能轉弱
2026-08-12,美股模組,DELL,Dell Technologies,457.88,120.53,❌ SOX動能轉弱
2026-08-12,美股模組,LNVGY,Lenovo Group Limited,72.47,115.68,❌ SOX動能轉弱
2026-08-12,美股模組,PANW,Palo Alto Networks,385.04,81.68,❌ SOX動能轉弱
2026-08-12,美股模組,HPE,Hewlett Packard Enterprise,54.68,73.78,❌ SOX動能轉弱
2026-08-12,美股模組,CRWD,CrowdStrike,225.16,72.89,❌ SOX動能轉弱
2026-08-12,美股模組,NTAP,NetApp,198.47,61.05,❌ SOX動能轉弱
2026-08-12,美股模組,AXTI,"AXT, Inc.",73.78,56.85,❌ SOX動能轉弱
2026-08-12,美股模組,ZBRA,Zebra Technologies,383.06,56.26,❌ SOX動能轉弱
2026-08-12,美股模組,DDOG,Datadog,260.78,55.01,❌ SOX動能轉弱
2026-08-13,台股模組,00631L.TW,元大台灣50正2,34.87,2.04,⭐️ 買進標的
2026-08-13,台股模組,00675L.TW,富邦臺灣加權正2,302.85,2.22,⭐️ 買進標的
2026-08-13,台股模組,2059.TW,川湖,12045.0,95.54,⭐️ 買進標的
2026-08-13,台股模組,6446.TW,藥華藥,1440.0,62.24,⭐️ 買進標的
2026-08-13,台股模組,1303.TW,南亞,189.0,56.32,⭐️ 買進標的
2026-08-13,台股模組,2466.TW,冠西電,94.0,41.87,⭐️ 買進標的
2026-08-13,台股模組,2395.TW,研華,686.0,41.58,⭐️ 買進標的
2026-08-13,台股模組,3231.TW,緯創,193.5,40.57,⭐️ 買進標的
2026-08-13,台股模組,3653.TW,健策,4470.0,40.08,⭐️ 買進標的
2026-08-13,台股模組,2493.TW,揚博,243.0,38.51,⭐️ 買進標的
2026-08-13,台股模組,3189.TW,景碩,858.0,35.62,⭐️ 買進標的
2026-08-13,台股模組,2887.TW,台新新光金,35.65,32.53,⭐️ 買進標的
2026-08-13,美股模組,USD,ProShares Ultra Semiconductors,93.83,20.43,⭐️ 買進標的
2026-08-13,美股模組,SOXL,Direxion Daily Semiconductor Bull 3X Shares,142.16,29.1,⭐️ 買進標的
2026-08-13,美股模組,BWET,Breakwave Tanker Shipping ETF,341.14,300.15,⭐️ 買進標的
2026-08-13,美股模組,DELL,Dell Technologies,484.5,131.83,⭐️ 買進標的
2026-08-13,美股模組,LNVGY,Lenovo Group Limited,73.77,120.6,⭐️ 買進標的
2026-08-13,美股模組,HPE,Hewlett Packard Enterprise,58.79,87.12,⭐️ 買進標的
2026-08-13,美股模組,PANW,Palo Alto Networks,387.01,74.33,⭐️ 買進標的
2026-08-13,美股模組,AXTI,"AXT, Inc.",78.47,74.14,⭐️ 買進標的
2026-08-13,美股模組,NTAP,NetApp,202.05,60.98,⭐️ 買進標的
2026-08-13,美股模組,CRWD,CrowdStrike,221.78,60.75,⭐️ 買進標的
2026-08-13,美股模組,MU,Micron Technology,911.29,51.96,⭐️ 買進標的
2026-08-13,美股模組,ZBRA,Zebra Technologies,378.37,49.81,⭐️ 買進標的
2026-08-13,台股模組,00631L.TW,元大台灣50正2,36.29,7.35,⭐️ 買進標的
2026-08-13,台股模組,00675L.TW,富邦臺灣加權正2,316.0,7.53,⭐️ 買進標的
2026-08-13,台股模組,2059.TW,川湖,12235.0,97.85,⭐️ 買進標的
2026-08-13,台股模組,1303.TW,南亞,189.0,52.86,⭐️ 買進標的
2026-08-13,台股模組,6446.TW,藥華藥,1445.0,51.87,⭐️ 買進標的
2026-08-13,台股模組,2395.TW,研華,698.0,44.47,⭐️ 買進標的
2026-08-13,台股模組,2357.TW,華碩,937.0,43.55,⭐️ 買進標的
2026-08-13,台股模組,3231.TW,緯創,197.0,43.06,⭐️ 買進標的
2026-08-13,台股模組,2466.TW,冠西電,92.6,39.55,⭐️ 買進標的
2026-08-13,台股模組,3017.TW,奇鋐,3200.0,39.08,⭐️ 買進標的
2026-08-13,台股模組,3653.TW,健策,4635.0,38.39,⭐️ 買進標的
2026-08-13,台股模組,3189.TW,景碩,851.0,38.06,⭐️ 買進標的
2026-08-13,美股模組,USD,ProShares Ultra Semiconductors,93.83,20.43,⭐️ 買進標的
2026-08-13,美股模組,SOXL,Direxion Daily Semiconductor Bull 3X Shares,142.16,29.1,⭐️ 買進標的
2026-08-13,美股模組,BWET,Breakwave Tanker Shipping ETF,341.14,300.15,⭐️ 買進標的
2026-08-13,美股模組,DELL,Dell Technologies,484.5,131.83,⭐️ 買進標的
2026-08-13,美股模組,LNVGY,Lenovo Group Limited,73.77,120.6,⭐️ 買進標的
2026-08-13,美股模組,HPE,Hewlett Packard Enterprise,58.79,87.12,⭐️ 買進標的
2026-08-13,美股模組,PANW,Palo Alto Networks,387.01,74.33,⭐️ 買進標的
2026-08-13,美股模組,AXTI,"AXT, Inc.",78.47,74.14,⭐️ 買進標的
2026-08-13,美股模組,NTAP,NetApp,202.05,60.98,⭐️ 買進標的
2026-08-13,美股模組,CRWD,CrowdStrike,221.78,60.75,⭐️ 買進標的
2026-08-13,美股模組,MU,Micron Technology,911.29,51.96,⭐️ 買進標的
2026-08-13,美股模組,ZBRA,Zebra Technologies,378.37,49.81,⭐️ 買進標的
2026-08-14,台股模組,00631L.TW,元大台灣50正2,35.45,4.86,⭐️ 買進標的
2026-08-14,台股模組,00675L.TW,富邦臺灣加權正2,308.35,4.93,⭐️ 買進標的
2026-08-14,台股模組,2059.TW,川湖,12235.0,97.85,⭐️ 買進標的
2026-08-14,台股模組,1303.TW,南亞,189.0,52.86,⭐️ 買進標的
2026-08-14,台股模組,6446.TW,藥華藥,1445.0,51.87,⭐️ 買進標的
2026-08-14,台股模組,2395.TW,研華,698.0,44.47,⭐️ 買進標的
2026-08-14,台股模組,2357.TW,華碩,937.0,43.55,⭐️ 買進標的
2026-08-14,台股模組,3231.TW,緯創,197.0,43.06,⭐️ 買進標的
2026-08-14,台股模組,2466.TW,冠西電,92.6,39.55,⭐️ 買進標的
2026-08-14,台股模組,3017.TW,奇鋐,3200.0,39.08,⭐️ 買進標的
2026-08-14,台股模組,3653.TW,健策,4635.0,38.39,⭐️ 買進標的
2026-08-14,台股模組,3189.TW,景碩,851.0,38.06,⭐️ 買進標的
2026-08-14,美股模組,USD,ProShares Ultra Semiconductors,95.32,20.56,⭐️ 買進標的
2026-08-14,美股模組,SOXL,Direxion Daily Semiconductor Bull 3X Shares,145.36,26.77,⭐️ 買進標的
2026-08-14,美股模組,BWET,Breakwave Tanker Shipping ETF,370.0,340.45,⭐️ 買進標的
2026-08-14,美股模組,LNVGY,Lenovo Group Limited,87.65,159.59,⭐️ 買進標的
2026-08-14,美股模組,DELL,Dell Technologies,494.51,141.11,⭐️ 買進標的
2026-08-14,美股模組,HPE,Hewlett Packard Enterprise,59.82,88.97,⭐️ 買進標的
2026-08-14,美股模組,PANW,Palo Alto Networks,396.0,75.09,⭐️ 買進標的
2026-08-14,美股模組,AXTI,"AXT, Inc.",77.45,65.83,⭐️ 買進標的
2026-08-14,美股模組,NTAP,NetApp,204.99,65.0,⭐️ 買進標的
2026-08-14,美股模組,CRWD,CrowdStrike,225.53,62.13,⭐️ 買進標的
2026-08-14,美股模組,WDAY,"Workday, Inc.",206.45,55.2,⭐️ 買進標的
2026-08-14,美股模組,CRL,Charles River Laboratories,281.27,55.14,⭐️ 買進標的
2026-08-14,台股模組,00631L.TW,元大台灣50正2,35.69,5.26,⭐️ 買進標的
2026-08-14,台股模組,00675L.TW,富邦臺灣加權正2,311.9,5.93,⭐️ 買進標的
2026-08-14,台股模組,2059.TW,川湖,12500.0,103.38,⭐️ 買進標的
2026-08-14,台股模組,1303.TW,南亞,207.5,70.76,⭐️ 買進標的
2026-08-14,台股模組,6446.TW,藥華藥,1500.0,62.86,⭐️ 買進標的
2026-08-14,台股模組,2357.TW,華碩,996.0,53.08,⭐️ 買進標的
2026-08-14,台股模組,3653.TW,健策,4855.0,46.64,⭐️ 買進標的
2026-08-14,台股模組,2408.TW,南亞科,512.0,42.52,⭐️ 買進標的
2026-08-14,台股模組,2395.TW,研華,683.0,42.07,⭐️ 買進標的
2026-08-14,台股模組,3189.TW,景碩,862.0,41.47,⭐️ 買進標的
2026-08-14,台股模組,3231.TW,緯創,193.5,40.06,⭐️ 買進標的
2026-08-14,台股模組,3017.TW,奇鋐,3235.0,39.81,⭐️ 買進標的
2026-08-14,美股模組,USD,ProShares Ultra Semiconductors,95.32,20.56,⭐️ 買進標的
2026-08-14,美股模組,SOXL,Direxion Daily Semiconductor Bull 3X Shares,145.36,26.77,⭐️ 買進標的
2026-08-14,美股模組,BWET,Breakwave Tanker Shipping ETF,370.0,340.83,⭐️ 買進標的
2026-08-14,美股模組,LNVGY,Lenovo Group Limited,87.75,161.8,⭐️ 買進標的
2026-08-14,美股模組,DELL,Dell Technologies,494.51,141.11,⭐️ 買進標的
2026-08-14,美股模組,HPE,Hewlett Packard Enterprise,59.82,88.97,⭐️ 買進標的
2026-08-14,美股模組,PANW,Palo Alto Networks,396.0,75.09,⭐️ 買進標的
2026-08-14,美股模組,AXTI,"AXT, Inc.",77.45,65.83,⭐️ 買進標的
2026-08-14,美股模組,NTAP,NetApp,204.99,65.0,⭐️ 買進標的
2026-08-14,美股模組,CRWD,CrowdStrike,225.53,62.13,⭐️ 買進標的
2026-08-14,美股模組,WDAY,"Workday, Inc.",206.45,55.2,⭐️ 買進標的
2026-08-14,美股模組,CRL,Charles River Laboratories,281.27,55.14,⭐️ 買進標的
2026-08-17,台股模組,00631L.TW,元大台灣50正2,35.69,5.72,⭐️ 買進標的
2026-08-17,台股模組,00675L.TW,富邦臺灣加權正2,311.9,6.58,⭐️ 買進標的
2026-08-17,台股模組,2059.TW,川湖,12500.0,103.38,⭐️ 買進標的
2026-08-17,台股模組,1303.TW,南亞,207.5,70.76,⭐️ 買進標的
2026-08-17,台股模組,6446.TW,藥華藥,1500.0,62.86,⭐️ 買進標的
2026-08-17,台股模組,2357.TW,華碩,996.0,53.08,⭐️ 買進標的
2026-08-17,台股模組,3653.TW,健策,4855.0,46.64,⭐️ 買進標的
2026-08-17,台股模組,2408.TW,南亞科,512.0,42.52,⭐️ 買進標的
2026-08-17,台股模組,2395.TW,研華,683.0,42.07,⭐️ 買進標的
2026-08-17,台股模組,3189.TW,景碩,862.0,41.47,⭐️ 買進標的
2026-08-17,台股模組,3231.TW,緯創,193.5,40.06,⭐️ 買進標的
2026-08-17,台股模組,3017.TW,奇鋐,3235.0,39.81,⭐️ 買進標的
2026-08-17,美股模組,USD,ProShares Ultra Semiconductors,94.16,22.48,⭐️ 買進標的
2026-08-17,美股模組,SOXL,Direxion Daily Semiconductor Bull 3X Shares,144.95,36.43,⭐️ 買進標的
2026-08-17,美股模組,BWET,Breakwave Tanker Shipping ETF,379.12,368.84,⭐️ 買進標的
2026-08-17,美股模組,LNVGY,Lenovo Group Limited,85.2,162.41,⭐️ 買進標的
2026-08-17,美股模組,DELL,Dell Technologies,490.81,153.68,⭐️ 買進標的
2026-08-17,美股模組,AXTI,"AXT, Inc.",81.64,93.16,⭐️ 買進標的
2026-08-17,美股模組,HPE,Hewlett Packard Enterprise,58.71,89.85,⭐️ 買進標的
2026-08-17,美股模組,NTAP,NetApp,207.08,71.81,⭐️ 買進標的
2026-08-17,美股模組,PANW,Palo Alto Networks,384.27,68.63,⭐️ 買進標的
2026-08-17,美股模組,SNDK,Sandisk,1641.11,65.12,⭐️ 買進標的
2026-08-17,美股模組,CRDO,Credo Technology Group Holding Ltd,259.9,59.74,⭐️ 買進標的
2026-08-17,美股模組,STX,Seagate Technology,973.44,59.32,⭐️ 買進標的
2026-08-17,台股模組,00631L.TW,元大台灣50正2,35.95,15.93,⭐️ 買進標的
2026-08-17,台股模組,00675L.TW,富邦臺灣加權正2,313.9,16.74,⭐️ 買進標的
2026-08-17,台股模組,2059.TW,川湖,13750.0,141.63,⭐️ 買進標的
2026-08-17,台股模組,1303.TW,南亞,200.5,73.67,⭐️ 買進標的
2026-08-17,台股模組,3653.TW,健策,5340.0,70.64,⭐️ 買進標的
2026-08-17,台股模組,2408.TW,南亞科,524.0,62.0,⭐️ 買進標的
2026-08-17,台股模組,6446.TW,藥華藥,1410.0,57.35,⭐️ 買進標的
2026-08-17,台股模組,3189.TW,景碩,905.0,53.65,⭐️ 買進標的
2026-08-17,台股模組,2357.TW,華碩,938.0,44.72,⭐️ 買進標的
2026-08-17,台股模組,3443.TW,創意,5850.0,42.08,⭐️ 買進標的
2026-08-17,台股模組,6669.TW,緯穎,6620.0,41.29,⭐️ 買進標的
2026-08-17,台股模組,2383.TW,台光電,6350.0,40.65,⭐️ 買進標的
2026-08-17,美股模組,USD,ProShares Ultra Semiconductors,94.16,22.48,⭐️ 買進標的
2026-08-17,美股模組,SOXL,Direxion Daily Semiconductor Bull 3X Shares,144.95,36.43,⭐️ 買進標的
2026-08-17,美股模組,BWET,Breakwave Tanker Shipping ETF,379.12,368.84,⭐️ 買進標的
2026-08-17,美股模組,LNVGY,Lenovo Group Limited,85.2,162.41,⭐️ 買進標的
2026-08-17,美股模組,DELL,Dell Technologies,490.81,153.68,⭐️ 買進標的
2026-08-17,美股模組,AXTI,"AXT, Inc.",81.64,93.16,⭐️ 買進標的
2026-08-17,美股模組,HPE,Hewlett Packard Enterprise,58.71,89.85,⭐️ 買進標的
2026-08-17,美股模組,NTAP,NetApp,207.08,71.81,⭐️ 買進標的
2026-08-17,美股模組,PANW,Palo Alto Networks,384.27,68.63,⭐️ 買進標的
2026-08-17,美股模組,SNDK,Sandisk,1641.11,65.12,⭐️ 買進標的
2026-08-17,美股模組,CRDO,Credo Technology Group Holding Ltd,259.9,59.74,⭐️ 買進標的
2026-08-17,美股模組,STX,Seagate Technology,973.44,59.32,⭐️ 買進標的
2026-08-18,台股模組,00631L.TW,元大台灣50正2,35.95,15.93,⭐️ 買進標的
2026-08-18,台股模組,00675L.TW,富邦臺灣加權正2,313.9,16.74,⭐️ 買進標的
2026-08-18,台股模組,2059.TW,川湖,13750.0,141.63,⭐️ 買進標的
2026-08-18,台股模組,1303.TW,南亞,200.5,73.67,⭐️ 買進標的
2026-08-18,台股模組,3653.TW,健策,5340.0,70.64,⭐️ 買進標的
2026-08-18,台股模組,2408.TW,南亞科,524.0,62.0,⭐️ 買進標的
2026-08-18,台股模組,6446.TW,藥華藥,1410.0,57.35,⭐️ 買進標的
2026-08-18,台股模組,3189.TW,景碩,905.0,53.65,⭐️ 買進標的
2026-08-18,台股模組,2357.TW,華碩,938.0,44.72,⭐️ 買進標的
2026-08-18,台股模組,3443.TW,創意,5850.0,42.08,⭐️ 買進標的
2026-08-18,台股模組,6669.TW,緯穎,6620.0,41.29,⭐️ 買進標的
2026-08-18,台股模組,2383.TW,台光電,6350.0,40.65,⭐️ 買進標的
2026-08-18,美股模組,USD,ProShares Ultra Semiconductors,95.55,29.85,⭐️ 買進標的
2026-08-18,美股模組,SOXL,Direxion Daily Semiconductor Bull 3X Shares,151.53,46.25,⭐️ 買進標的
2026-08-18,美股模組,BWET,Breakwave Tanker Shipping ETF,379.24,353.68,⭐️ 買進標的
2026-08-18,美股模組,LNVGY,Lenovo Group Limited,84.49,163.26,⭐️ 買進標的
2026-08-18,美股模組,DELL,Dell Technologies,479.81,143.4,⭐️ 買進標的
2026-08-18,美股模組,AXTI,"AXT, Inc.",95.97,127.57,⭐️ 買進標的
2026-08-18,美股模組,HPE,Hewlett Packard Enterprise,57.61,85.52,⭐️ 買進標的
2026-08-18,美股模組,SNDK,Sandisk,1786.85,81.34,⭐️ 買進標的
2026-08-18,美股模組,CRDO,Credo Technology Group Holding Ltd,282.82,78.9,⭐️ 買進標的
2026-08-18,美股模組,MU,Micron Technology,1011.75,68.24,⭐️ 買進標的
2026-08-18,美股模組,NTAP,NetApp,204.2,65.46,⭐️ 買進標的
2026-08-18,美股模組,CRL,Charles River Laboratories,286.64,65.14,⭐️ 買進標的
2026-08-18,台股模組,00631L.TW,元大台灣50正2,34.81,13.27,⭐️ 買進標的
2026-08-18,台股模組,00675L.TW,富邦臺灣加權正2,303.4,14.48,⭐️ 買進標的
2026-08-18,台股模組,2059.TW,川湖,14370.0,152.38,⭐️ 買進標的
2026-08-18,台股模組,1303.TW,南亞,200.0,77.98,⭐️ 買進標的
2026-08-18,台股模組,3653.TW,健策,5150.0,66.48,⭐️ 買進標的
2026-08-18,台股模組,2408.TW,南亞科,515.0,61.52,⭐️ 買進標的
2026-08-18,台股模組,6446.TW,藥華藥,1400.0,58.1,⭐️ 買進標的
2026-08-18,台股模組,3008.TW,大立光,5290.0,52.29,⭐️ 買進標的
2026-08-18,台股模組,3189.TW,景碩,865.0,49.66,⭐️ 買進標的
2026-08-18,台股模組,3037.TW,欣興,1145.0,46.04,⭐️ 買進標的
2026-08-18,台股模組,2466.TW,冠西電,97.0,44.39,⭐️ 買進標的
2026-08-18,台股模組,2357.TW,華碩,910.0,41.77,⭐️ 買進標的
2026-08-18,美股模組,USD,ProShares Ultra Semiconductors,94.16,22.48,⭐️ 買進標的
2026-08-18,美股模組,SOXL,Direxion Daily Semiconductor Bull 3X Shares,144.95,36.43,⭐️ 買進標的
2026-08-18,美股模組,BWET,Breakwave Tanker Shipping ETF,379.12,352.63,⭐️ 買進標的
2026-08-18,美股模組,DELL,Dell Technologies,490.81,153.68,⭐️ 買進標的
2026-08-18,美股模組,LNVGY,Lenovo Group Limited,85.2,153.56,⭐️ 買進標的
2026-08-18,美股模組,AXTI,"AXT, Inc.",81.64,93.16,⭐️ 買進標的
2026-08-18,美股模組,HPE,Hewlett Packard Enterprise,58.71,89.85,⭐️ 買進標的
2026-08-18,美股模組,PANW,Palo Alto Networks,384.27,68.63,⭐️ 買進標的
2026-08-18,美股模組,SNDK,Sandisk,1641.11,65.12,⭐️ 買進標的
2026-08-18,美股模組,NTAP,NetApp,207.08,64.99,⭐️ 買進標的
2026-08-18,美股模組,CRDO,Credo Technology Group Holding Ltd,259.9,59.74,⭐️ 買進標的
2026-08-18,美股模組,STX,Seagate Technology,973.44,59.32,⭐️ 買進標的
2026-08-19,台股模組,00631L.TW,元大台灣50正2,35.95,15.93,⭐️ 買進標的
2026-08-19,台股模組,00675L.TW,富邦臺灣加權正2,313.9,16.74,⭐️ 買進標的
2026-08-19,台股模組,2059.TW,川湖,14370.0,152.38,⭐️ 買進標的
2026-08-19,台股模組,1303.TW,南亞,200.0,77.98,⭐️ 買進標的
2026-08-19,台股模組,3653.TW,健策,5150.0,66.48,⭐️ 買進標的
2026-08-19,台股模組,2408.TW,南亞科,515.0,61.52,⭐️ 買進標的
2026-08-19,台股模組,6446.TW,藥華藥,1400.0,58.1,⭐️ 買進標的
2026-08-19,台股模組,3008.TW,大立光,5290.0,52.29,⭐️ 買進標的
2026-08-19,台股模組,3189.TW,景碩,865.0,49.66,⭐️ 買進標的
2026-08-19,台股模組,3037.TW,欣興,1145.0,46.04,⭐️ 買進標的
2026-08-19,台股模組,2466.TW,冠西電,97.0,44.39,⭐️ 買進標的
2026-08-19,台股模組,2357.TW,華碩,910.0,41.77,⭐️ 買進標的
2026-08-19,美股模組,USD,ProShares Ultra Semiconductors,88.36,20.03,⭐️ 買進標的
2026-08-19,美股模組,SOXL,Direxion Daily Semiconductor Bull 3X Shares,129.1,26.69,⭐️ 買進標的
2026-08-19,美股模組,BWET,Breakwave Tanker Shipping ETF,397.8,348.59,⭐️ 買進標的
2026-08-19,美股模組,LNVGY,Lenovo Group Limited,79.76,146.25,⭐️ 買進標的
2026-08-19,美股模組,DELL,Dell Technologies,468.65,141.92,⭐️ 買進標的
2026-08-19,美股模組,AXTI,"AXT, Inc.",82.31,100.31,⭐️ 買進標的
2026-08-19,美股模組,HPE,Hewlett Packard Enterprise,55.69,83.36,⭐️ 買進標的
2026-08-19,美股模組,SNDK,Sandisk,1625.78,71.38,⭐️ 買進標的
2026-08-19,美股模組,NTAP,NetApp,204.71,67.16,⭐️ 買進標的
2026-08-19,美股模組,CRL,Charles River Laboratories,279.19,63.13,⭐️ 買進標的
2026-08-19,美股模組,PANW,Palo Alto Networks,374.14,62.43,⭐️ 買進標的
2026-08-19,美股模組,MU,Micron Technology,940.76,60.74,⭐️ 買進標的
2026-08-19,台股模組,00631L.TW,元大台灣50正2,33.96,10.5,⭐️ 買進標的
2026-08-19,台股模組,00675L.TW,富邦臺灣加權正2,295.1,11.35,⭐️ 買進標的
2026-08-19,台股模組,2059.TW,川湖,14095.0,132.34,⭐️ 買進標的
2026-08-19,台股模組,3653.TW,健策,5460.0,60.53,⭐️ 買進標的
2026-08-19,台股模組,6446.TW,藥華藥,1400.0,56.98,⭐️ 買進標的
2026-08-19,台股模組,1303.TW,南亞,187.5,55.86,⭐️ 買進標的
2026-08-19,台股模組,3008.TW,大立光,5550.0,51.21,⭐️ 買進標的
2026-08-19,台股模組,2466.TW,冠西電,99.0,45.72,⭐️ 買進標的
2026-08-19,台股模組,2408.TW,南亞科,481.0,41.73,⭐️ 買進標的
2026-08-19,台股模組,2357.TW,華碩,925.0,37.84,⭐️ 買進標的
2026-08-19,台股模組,2395.TW,研華,694.0,37.67,⭐️ 買進標的
2026-08-19,台股模組,6409.TW,旭隼,1030.0,34.71,⭐️ 買進標的
2026-08-19,美股模組,USD,ProShares Ultra Semiconductors,88.36,20.03,⭐️ 買進標的
2026-08-19,美股模組,SOXL,Direxion Daily Semiconductor Bull 3X Shares,129.1,26.69,❌ 跌破TWII濾網
2026-08-19,美股模組,BWET,Breakwave Tanker Shipping ETF,397.8,348.59,⭐️ 買進標的
2026-08-19,美股模組,LNVGY,Lenovo Group Limited,79.76,146.25,⭐️ 買進標的
2026-08-19,美股模組,DELL,Dell Technologies,468.65,141.92,⭐️ 買進標的
2026-08-19,美股模組,AXTI,"AXT, Inc.",82.31,100.31,⭐️ 買進標的
2026-08-19,美股模組,HPE,Hewlett Packard Enterprise,55.69,83.36,⭐️ 買進標的
2026-08-19,美股模組,SNDK,Sandisk,1625.78,71.38,⭐️ 買進標的
2026-08-19,美股模組,NTAP,NetApp,204.71,67.16,⭐️ 買進標的
2026-08-19,美股模組,CRL,Charles River Laboratories,279.19,63.13,⭐️ 買進標的
2026-08-19,美股模組,PANW,Palo Alto Networks,374.14,62.43,⭐️ 買進標的
2026-08-19,美股模組,MU,Micron Technology,940.76,60.74,⭐️ 買進標的
2026-08-20,台股模組,00631L.TW,元大台灣50正2,34.81,13.27,⭐️ 買進標的
2026-08-20,台股模組,00675L.TW,富邦臺灣加權正2,303.4,14.48,⭐️ 買進標的
2026-08-20,台股模組,2059.TW,川湖,14095.0,132.34,⭐️ 買進標的
2026-08-20,台股模組,3653.TW,健策,5460.0,60.53,⭐️ 買進標的
2026-08-20,台股模組,6446.TW,藥華藥,1400.0,56.98,⭐️ 買進標的
2026-08-20,台股模組,1303.TW,南亞,187.5,55.86,⭐️ 買進標的
2026-08-20,台股模組,3008.TW,大立光,5550.0,51.21,⭐️ 買進標的
2026-08-20,台股模組,2466.TW,冠西電,99.0,45.72,⭐️ 買進標的
2026-08-20,台股模組,2408.TW,南亞科,481.0,41.73,⭐️ 買進標的
2026-08-20,台股模組,2357.TW,華碩,925.0,37.84,⭐️ 買進標的
2026-08-20,台股模組,2395.TW,研華,694.0,37.67,⭐️ 買進標的
2026-08-20,台股模組,6409.TW,旭隼,1030.0,34.71,⭐️ 買進標的
2026-08-20,美股模組,USD,ProShares Ultra Semiconductors,84.86,11.91,⭐️ 買進標的
2026-08-20,美股模組,SOXL,Direxion Daily Semiconductor Bull 3X Shares,120.74,12.6,⭐️ 買進標的
2026-08-20,美股模組,BWET,Breakwave Tanker Shipping ETF,429.75,358.11,❌ SOX動能轉弱
2026-08-20,美股模組,MRNA,Moderna,174.38,249.3,❌ SOX動能轉弱
2026-08-20,美股模組,LNVGY,Lenovo Group Limited,76.59,131.8,❌ SOX動能轉弱
2026-08-20,美股模組,DELL,Dell Technologies,437.55,123.67,❌ SOX動能轉弱
2026-08-20,美股模組,HPE,Hewlett Packard Enterprise,53.13,75.31,❌ SOX動能轉弱
2026-08-20,美股模組,AXTI,"AXT, Inc.",73.43,68.98,❌ SOX動能轉弱
2026-08-20,美股模組,CRL,Charles River Laboratories,290.0,68.66,❌ SOX動能轉弱
2026-08-20,美股模組,PANW,Palo Alto Networks,359.76,63.7,❌ SOX動能轉弱
2026-08-20,美股模組,SNDK,Sandisk,1568.87,57.81,❌ SOX動能轉弱
2026-08-20,美股模組,NTAP,NetApp,194.48,57.54,❌ SOX動能轉弱
2026-08-20,台股模組,00631L.TW,元大台灣50正2,34.27,4.16,⭐️ 買進標的
2026-08-20,台股模組,00675L.TW,富邦臺灣加權正2,298.5,4.73,⭐️ 買進標的
2026-08-20,台股模組,2059.TW,川湖,13925.0,122.48,⭐️ 買進標的
2026-08-20,台股模組,3653.TW,健策,5600.0,56.98,⭐️ 買進標的
2026-08-20,台股模組,6446.TW,藥華藥,1375.0,52.52,⭐️ 買進標的
2026-08-20,台股模組,1303.TW,南亞,186.0,52.5,⭐️ 買進標的
2026-08-20,台股模組,3008.TW,大立光,5515.0,48.17,⭐️ 買進標的
2026-08-20,台股模組,2408.TW,南亞科,517.0,41.55,⭐️ 買進標的
2026-08-20,台股模組,2466.TW,冠西電,96.1,37.13,⭐️ 買進標的
2026-08-20,台股模組,2615.TW,萬海,113.5,36.54,⭐️ 買進標的
2026-08-20,台股模組,6409.TW,旭隼,1040.0,33.85,⭐️ 買進標的
2026-08-20,台股模組,2915.TW,潤泰全,61.6,33.59,⭐️ 買進標的
2026-08-20,美股模組,USD,ProShares Ultra Semiconductors,84.86,11.91,⭐️ 買進標的
2026-08-20,美股模組,SOXL,Direxion Daily Semiconductor Bull 3X Shares,120.74,12.6,❌ 跌破TWII濾網
2026-08-20,美股模組,BWET,Breakwave Tanker Shipping ETF,429.75,431.45,❌ SOX動能轉弱
2026-08-20,美股模組,MRNA,Moderna,174.38,249.3,❌ SOX動能轉弱
2026-08-20,美股模組,LNVGY,Lenovo Group Limited,76.59,131.8,❌ SOX動能轉弱
2026-08-20,美股模組,DELL,Dell Technologies,437.55,123.67,❌ SOX動能轉弱
2026-08-20,美股模組,HPE,Hewlett Packard Enterprise,53.13,75.31,❌ SOX動能轉弱
2026-08-20,美股模組,AXTI,"AXT, Inc.",73.43,68.98,❌ SOX動能轉弱
2026-08-20,美股模組,CRL,Charles River Laboratories,290.0,68.66,❌ SOX動能轉弱
2026-08-20,美股模組,PANW,Palo Alto Networks,359.76,63.7,❌ SOX動能轉弱
2026-08-20,美股模組,SNDK,Sandisk,1568.87,57.81,❌ SOX動能轉弱
2026-08-20,美股模組,NTAP,NetApp,194.48,57.59,❌ SOX動能轉弱
2026-08-21,台股模組,00631L.TW,元大台灣50正2,33.96,3.21,⭐️ 買進標的
2026-08-21,台股模組,00675L.TW,富邦臺灣加權正2,295.1,3.54,⭐️ 買進標的
2026-08-21,台股模組,2059.TW,川湖,13925.0,122.48,⭐️ 買進標的
2026-08-21,台股模組,3653.TW,健策,5600.0,56.98,⭐️ 買進標的
2026-08-21,台股模組,6446.TW,藥華藥,1375.0,52.52,⭐️ 買進標的
2026-08-21,台股模組,1303.TW,南亞,186.0,52.5,⭐️ 買進標的
2026-08-21,台股模組,3008.TW,大立光,5515.0,48.17,⭐️ 買進標的
2026-08-21,台股模組,2408.TW,南亞科,517.0,41.55,⭐️ 買進標的
2026-08-21,台股模組,2466.TW,冠西電,96.1,37.13,⭐️ 買進標的
2026-08-21,台股模組,2615.TW,萬海,113.5,36.54,⭐️ 買進標的
2026-08-21,台股模組,6409.TW,旭隼,1040.0,33.85,⭐️ 買進標的
2026-08-21,台股模組,2915.TW,潤泰全,61.6,33.59,⭐️ 買進標的
2026-08-21,美股模組,USD,ProShares Ultra Semiconductors,85.37,10.3,⭐️ 買進標的
2026-08-21,美股模組,SOXL,Direxion Daily Semiconductor Bull 3X Shares,122.21,11.27,❌ 跌破TWII濾網
2026-08-21,美股模組,BWET,Breakwave Tanker Shipping ETF,449.97,366.74,❌ SOX動能轉弱
2026-08-21,美股模組,MRNA,Moderna,133.32,158.3,❌ SOX動能轉弱
2026-08-21,美股模組,LNVGY,Lenovo Group Limited,75.78,124.87,❌ SOX動能轉弱
2026-08-21,美股模組,DELL,Dell Technologies,434.78,114.86,❌ SOX動能轉弱
2026-08-21,美股模組,HPE,Hewlett Packard Enterprise,52.89,72.14,❌ SOX動能轉弱
2026-08-21,美股模組,AXTI,"AXT, Inc.",73.12,71.67,❌ SOX動能轉弱
2026-08-21,美股模組,CRL,Charles River Laboratories,291.45,65.84,❌ SOX動能轉弱
2026-08-21,美股模組,PANW,Palo Alto Networks,349.56,59.16,❌ SOX動能轉弱
2026-08-21,美股模組,SNDK,Sandisk,1600.62,57.58,❌ SOX動能轉弱
2026-08-21,美股模組,NTAP,NetApp,192.81,56.55,❌ SOX動能轉弱
2026-08-21,台股模組,00631L.TW,元大台灣50正2,34.84,3.56,⭐️ 買進標的
2026-08-21,台股模組,00675L.TW,富邦臺灣加權正2,301.5,2.7,⭐️ 買進標的
2026-08-21,台股模組,2059.TW,川湖,13385.0,116.0,⭐️ 買進標的
2026-08-21,台股模組,1303.TW,南亞,192.0,59.48,⭐️ 買進標的
2026-08-21,台股模組,2466.TW,冠西電,104.0,54.31,⭐️ 買進標的
2026-08-21,台股模組,6446.TW,藥華藥,1400.0,53.41,⭐️ 買進標的
2026-08-21,台股模組,2408.TW,南亞科,528.0,51.45,⭐️ 買進標的
2026-08-21,台股模組,2615.TW,萬海,124.5,51.21,⭐️ 買進標的
2026-08-21,台股模組,3653.TW,健策,5395.0,44.7,⭐️ 買進標的
2026-08-21,台股模組,3008.TW,大立光,5610.0,41.99,⭐️ 買進標的
2026-08-21,台股模組,2887.TW,台新新光金,37.25,37.11,⭐️ 買進標的
2026-08-21,台股模組,2915.TW,潤泰全,61.1,33.6,⭐️ 買進標的
2026-08-21,美股模組,USD,ProShares Ultra Semiconductors,85.37,10.3,⭐️ 買進標的
2026-08-21,美股模組,SOXL,Direxion Daily Semiconductor Bull 3X Shares,122.21,11.27,❌ 跌破TWII濾網
2026-08-21,美股模組,BWET,Breakwave Tanker Shipping ETF,449.97,366.74,❌ SOX動能轉弱
2026-08-21,美股模組,MRNA,Moderna,133.32,158.3,❌ SOX動能轉弱
2026-08-21,美股模組,LNVGY,Lenovo Group Limited,75.78,124.87,❌ SOX動能轉弱
2026-08-21,美股模組,DELL,Dell Technologies,434.78,114.86,❌ SOX動能轉弱
2026-08-21,美股模組,HPE,Hewlett Packard Enterprise,52.89,72.14,❌ SOX動能轉弱
2026-08-21,美股模組,AXTI,"AXT, Inc.",73.12,71.67,❌ SOX動能轉弱
2026-08-21,美股模組,CRL,Charles River Laboratories,291.45,65.84,❌ SOX動能轉弱
2026-08-21,美股模組,PANW,Palo Alto Networks,349.56,59.16,❌ SOX動能轉弱
2026-08-21,美股模組,SNDK,Sandisk,1600.62,57.58,❌ SOX動能轉弱
2026-08-21,美股模組,NTAP,NetApp,192.81,56.55,❌ SOX動能轉弱
2026-08-24,台股模組,00631L.TW,元大台灣50正2,34.84,0.08,❌ 跌破SOX 10MA(連4日)
2026-08-24,台股模組,00675L.TW,富邦臺灣加權正2,301.5,-0.87,❌ 跌破SOX 10MA(連4日)
2026-08-24,台股模組,2059.TW,川湖,13385.0,116.0,⭐️ 買進標的
2026-08-24,台股模組,1303.TW,南亞,192.0,59.48,⭐️ 買進標的
2026-08-24,台股模組,2466.TW,冠西電,104.0,54.31,⭐️ 買進標的
2026-08-24,台股模組,6446.TW,藥華藥,1400.0,53.41,⭐️ 買進標的
2026-08-24,台股模組,2408.TW,南亞科,528.0,51.45,⭐️ 買進標的
2026-08-24,台股模組,2615.TW,萬海,124.5,51.21,⭐️ 買進標的
2026-08-24,台股模組,3653.TW,健策,5395.0,44.7,⭐️ 買進標的
2026-08-24,台股模組,3008.TW,大立光,5610.0,41.99,⭐️ 買進標的
2026-08-24,台股模組,2887.TW,台新新光金,37.25,37.11,⭐️ 買進標的
2026-08-24,台股模組,2915.TW,潤泰全,61.1,33.6,⭐️ 買進標的
2026-08-24,美股模組,USD,ProShares Ultra Semiconductors,84.47,9.16,⭐️ 買進標的
2026-08-24,美股模組,SOXL,Direxion Daily Semiconductor Bull 3X Shares,120.6,7.96,❌ 跌破TWII濾網
2026-08-24,美股模組,BWET,Breakwave Tanker Shipping ETF,468.41,367.26,❌ SOX動能轉弱
2026-08-24,美股模組,MRNA,Moderna,145.13,184.21,❌ SOX動能轉弱
2026-08-24,美股模組,LNVGY,Lenovo Group Limited,76.6,125.75,❌ SOX動能轉弱
2026-08-24,美股模組,DELL,Dell Technologies,442.08,113.02,❌ SOX動能轉弱
2026-08-24,美股模組,HPE,Hewlett Packard Enterprise,53.45,74.16,❌ SOX動能轉弱
2026-08-24,美股模組,PANW,Palo Alto Networks,357.87,64.02,❌ SOX動能轉弱
2026-08-24,美股模組,CRL,Charles River Laboratories,295.19,63.1,❌ SOX動能轉弱
2026-08-24,美股模組,WDAY,"Workday, Inc.",200.01,55.23,❌ SOX動能轉弱
2026-08-24,美股模組,NTAP,NetApp,192.27,53.84,❌ SOX動能轉弱
2026-08-24,美股模組,MU,Micron Technology,966.78,50.14,❌ SOX動能轉弱
2026-08-24,台股模組,00631L.TW,元大台灣50正2,34.11,0.49,❌ 跌破SOX 10MA(連4日)
2026-08-24,台股模組,00675L.TW,富邦臺灣加權正2,295.9,-0.31,❌ 跌破SOX 10MA(連4日)
2026-08-24,台股模組,2059.TW,川湖,14410.0,136.25,⭐️ 買進標的
2026-08-24,台股模組,6446.TW,藥華藥,1475.0,58.26,⭐️ 買進標的
2026-08-24,台股模組,2466.TW,冠西電,101.0,56.96,⭐️ 買進標的
2026-08-24,台股模組,2615.TW,萬海,124.5,50.8,⭐️ 買進標的
2026-08-24,台股模組,1303.TW,南亞,180.0,50.3,⭐️ 買進標的
2026-08-24,台股模組,3653.TW,健策,5155.0,45.81,⭐️ 買進標的
2026-08-24,台股模組,2408.TW,南亞科,501.0,45.27,⭐️ 買進標的
2026-08-24,台股模組,3008.TW,大立光,5385.0,43.45,⭐️ 買進標的
2026-08-24,台股模組,2887.TW,台新新光金,36.5,33.86,⭐️ 買進標的
2026-08-24,台股模組,2357.TW,華碩,923.0,30.09,⭐️ 買進標的
2026-08-24,美股模組,USD,ProShares Ultra Semiconductors,84.47,9.16,⭐️ 買進標的
2026-08-24,美股模組,SOXL,Direxion Daily Semiconductor Bull 3X Shares,120.6,7.96,❌ 跌破TWII濾網
2026-08-24,美股模組,BWET,Breakwave Tanker Shipping ETF,468.41,367.26,❌ SOX動能轉弱
2026-08-24,美股模組,MRNA,Moderna,145.13,184.21,❌ SOX動能轉弱
2026-08-24,美股模組,LNVGY,Lenovo Group Limited,76.6,125.75,❌ SOX動能轉弱
2026-08-24,美股模組,DELL,Dell Technologies,442.08,113.02,❌ SOX動能轉弱
2026-08-24,美股模組,HPE,Hewlett Packard Enterprise,53.45,74.16,❌ SOX動能轉弱
2026-08-24,美股模組,PANW,Palo Alto Networks,357.87,64.02,❌ SOX動能轉弱
2026-08-24,美股模組,CRL,Charles River Laboratories,295.19,63.1,❌ SOX動能轉弱
2026-08-24,美股模組,WDAY,"Workday, Inc.",200.01,55.23,❌ SOX動能轉弱
2026-08-24,美股模組,NTAP,NetApp,192.27,53.84,❌ SOX動能轉弱
2026-08-24,美股模組,MU,Micron Technology,966.78,50.14,❌ SOX動能轉弱
2026-08-25,台股模組,00631L.TW,元大台灣50正2,34.11,0.49,❌ 跌破SOX 10MA(連4日)
2026-08-25,台股模組,00675L.TW,富邦臺灣加權正2,295.9,-0.31,❌ 跌破SOX 10MA(連4日)
2026-08-25,台股模組,2059.TW,川湖,14410.0,136.25,⭐️ 買進標的
2026-08-25,台股模組,6446.TW,藥華藥,1475.0,58.26,⭐️ 買進標的
2026-08-25,台股模組,2466.TW,冠西電,101.0,56.96,⭐️ 買進標的
2026-08-25,台股模組,2615.TW,萬海,124.5,50.8,⭐️ 買進標的
2026-08-25,台股模組,1303.TW,南亞,180.0,50.3,⭐️ 買進標的
2026-08-25,台股模組,3653.TW,健策,5155.0,45.81,⭐️ 買進標的
2026-08-25,台股模組,2408.TW,南亞科,501.0,45.27,⭐️ 買進標的
2026-08-25,台股模組,3008.TW,大立光,5385.0,43.45,⭐️ 買進標的
2026-08-25,台股模組,2887.TW,台新新光金,36.5,33.86,⭐️ 買進標的
2026-08-25,台股模組,2357.TW,華碩,923.0,30.09,⭐️ 買進標的
2026-08-25,美股模組,USD,ProShares Ultra Semiconductors,79.41,4.31,⭐️ 買進標的
2026-08-25,美股模組,SOXL,Direxion Daily Semiconductor Bull 3X Shares,111.16,2.79,❌ 跌破TWII濾網
2026-08-25,美股模組,BWET,Breakwave Tanker Shipping ETF,465.31,354.4,❌ SOX動能轉弱
2026-08-25,美股模組,MRNA,Moderna,138.89,176.44,❌ SOX動能轉弱
2026-08-25,美股模組,LNVGY,Lenovo Group Limited,76.1,113.52,❌ SOX動能轉弱
2026-08-25,美股模組,DELL,Dell Technologies,433.19,103.78,❌ SOX動能轉弱
2026-08-25,美股模組,HPE,Hewlett Packard Enterprise,52.43,71.49,❌ SOX動能轉弱
2026-08-25,美股模組,CRL,Charles River Laboratories,298.58,66.88,❌ SOX動能轉弱
2026-08-25,美股模組,PANW,Palo Alto Networks,350.9,62.16,❌ SOX動能轉弱
2026-08-25,美股模組,EXPE,Expedia Group,339.12,56.49,❌ SOX動能轉弱
2026-08-25,美股模組,WDAY,"Workday, Inc.",199.15,52.23,❌ SOX動能轉弱
2026-08-25,美股模組,ILMN,"Illumina, Inc.",223.22,51.59,❌ SOX動能轉弱
2026-08-25,台股模組,00631L.TW,元大台灣50正2,34.68,0.23,❌ 跌破SOX 10MA(連4日)
2026-08-25,台股模組,00675L.TW,富邦臺灣加權正2,300.6,-0.76,❌ 跌破SOX 10MA(連4日)
2026-08-25,台股模組,2059.TW,川湖,14285.0,131.49,⭐️ 買進標的
2026-08-25,台股模組,2466.TW,冠西電,103.0,62.81,⭐️ 買進標的
2026-08-25,台股模組,6446.TW,藥華藥,1490.0,56.68,⭐️ 買進標的
2026-08-25,台股模組,2615.TW,萬海,126.5,55.53,⭐️ 買進標的
2026-08-25,台股模組,1303.TW,南亞,188.5,53.33,⭐️ 買進標的
2026-08-25,台股模組,3008.TW,大立光,5720.0,52.91,⭐️ 買進標的
2026-08-25,台股模組,3653.TW,健策,5205.0,45.18,⭐️ 買進標的
2026-08-25,台股模組,2408.TW,南亞科,510.0,40.48,⭐️ 買進標的
2026-08-25,台股模組,2887.TW,台新新光金,37.15,36.05,⭐️ 買進標的
2026-08-25,台股模組,2301.TW,光寶科,296.0,31.17,⭐️ 買進標的
2026-08-25,美股模組,USD,ProShares Ultra Semiconductors,79.41,4.31,⭐️ 買進標的
2026-08-25,美股模組,SOXL,Direxion Daily Semiconductor Bull 3X Shares,111.16,2.79,❌ 跌破TWII濾網
2026-08-25,美股模組,BWET,Breakwave Tanker Shipping ETF,465.31,354.4,❌ SOX動能轉弱
2026-08-25,美股模組,MRNA,Moderna,138.89,176.44,❌ SOX動能轉弱
2026-08-25,美股模組,LNVGY,Lenovo Group Limited,76.08,113.46,❌ SOX動能轉弱
2026-08-25,美股模組,DELL,Dell Technologies,433.19,103.78,❌ SOX動能轉弱
2026-08-25,美股模組,HPE,Hewlett Packard Enterprise,52.43,71.49,❌ SOX動能轉弱
2026-08-25,美股模組,CRL,Charles River Laboratories,298.58,66.88,❌ SOX動能轉弱
2026-08-25,美股模組,PANW,Palo Alto Networks,350.9,62.16,❌ SOX動能轉弱
2026-08-25,美股模組,EXPE,Expedia Group,339.13,56.49,❌ SOX動能轉弱
2026-08-25,美股模組,WDAY,"Workday, Inc.",199.15,52.23,❌ SOX動能轉弱
2026-08-25,美股模組,ILMN,"Illumina, Inc.",223.22,51.59,❌ SOX動能轉弱
2026-08-26,台股模組,00631L.TW,元大台灣50正2,34.11,0.49,❌ 跌破SOX 10MA(連4日)
2026-08-26,台股模組,00675L.TW,富邦臺灣加權正2,295.9,-0.31,❌ 跌破SOX 10MA(連4日)
2026-08-26,台股模組,2059.TW,川湖,14285.0,131.49,⭐️ 買進標的
2026-08-26,台股模組,2466.TW,冠西電,103.0,62.81,⭐️ 買進標的
2026-08-26,台股模組,6446.TW,藥華藥,1490.0,56.68,⭐️ 買進標的
2026-08-26,台股模組,2615.TW,萬海,126.5,55.53,⭐️ 買進標的
2026-08-26,台股模組,1303.TW,南亞,188.5,53.33,⭐️ 買進標的
2026-08-26,台股模組,3008.TW,大立光,5720.0,52.91,⭐️ 買進標的
2026-08-26,台股模組,3653.TW,健策,5205.0,45.18,⭐️ 買進標的
2026-08-26,台股模組,2408.TW,南亞科,510.0,40.48,⭐️ 買進標的
2026-08-26,台股模組,2887.TW,台新新光金,37.15,36.05,⭐️ 買進標的
2026-08-26,台股模組,2301.TW,光寶科,296.0,31.17,⭐️ 買進標的
2026-08-26,美股模組,USD,ProShares Ultra Semiconductors,82.04,7.61,⭐️ 買進標的
2026-08-26,美股模組,SOXL,Direxion Daily Semiconductor Bull 3X Shares,115.67,3.43,❌ 跌破TWII濾網
2026-08-26,美股模組,BWET,Breakwave Tanker Shipping ETF,448.78,325.27,❌ SOX動能轉弱
2026-08-26,美股模組,MRNA,Moderna,158.83,212.54,❌ SOX動能轉弱
2026-08-26,美股模組,DELL,Dell Technologies,451.5,110.91,❌ SOX動能轉弱
2026-08-26,美股模組,LNVGY,Lenovo Group Limited,79.86,110.48,❌ SOX動能轉弱
2026-08-26,美股模組,HPE,Hewlett Packard Enterprise,53.44,72.7,❌ SOX動能轉弱
2026-08-26,美股模組,CRL,Charles River Laboratories,297.64,67.28,❌ SOX動能轉弱
2026-08-26,美股模組,PANW,Palo Alto Networks,339.9,59.81,❌ SOX動能轉弱
2026-08-26,美股模組,ILMN,"Illumina, Inc.",224.99,52.24,❌ SOX動能轉弱
2026-08-26,美股模組,HUM,Humana,389.71,52.18,❌ SOX動能轉弱
2026-08-26,美股模組,EXPE,Expedia Group,337.97,48.21,❌ SOX動能轉弱
2026-08-26,台股模組,00631L.TW,元大台灣50正2,35.71,3.21,❌ 跌破SOX 10MA(連4日)
2026-08-26,台股模組,00675L.TW,富邦臺灣加權正2,311.85,2.95,❌ 跌破SOX 10MA(連4日)
2026-08-26,台股模組,2059.TW,川湖,14510.0,151.74,⭐️ 買進標的
2026-08-26,台股模組,1303.TW,南亞,207.0,80.84,⭐️ 買進標的
2026-08-26,台股模組,3008.TW,大立光,6290.0,74.04,⭐️ 買進標的
2026-08-26,台股模組,6446.TW,藥華藥,1585.0,73.17,⭐️ 買進標的
2026-08-26,台股模組,2466.TW,冠西電,105.0,67.68,⭐️ 買進標的
2026-08-26,台股模組,3653.TW,健策,5725.0,67.23,⭐️ 買進標的
2026-08-26,台股模組,3443.TW,創意,6125.0,50.7,⭐️ 買進標的
2026-08-26,台股模組,2301.TW,光寶科,307.0,47.06,⭐️ 買進標的
2026-08-26,台股模組,2408.TW,南亞科,517.0,45.9,⭐️ 買進標的
2026-08-26,台股模組,2615.TW,萬海,115.0,42.71,⭐️ 買進標的
2026-08-26,美股模組,USD,ProShares Ultra Semiconductors,82.04,7.61,⭐️ 買進標的
2026-08-26,美股模組,SOXL,Direxion Daily Semiconductor Bull 3X Shares,115.67,3.43,⭐️ 買進標的
2026-08-26,美股模組,BWET,Breakwave Tanker Shipping ETF,448.78,325.27,❌ SOX動能轉弱
2026-08-26,美股模組,MRNA,Moderna,158.83,212.54,❌ SOX動能轉弱
2026-08-26,美股模組,DELL,Dell Technologies,451.5,110.91,❌ SOX動能轉弱
2026-08-26,美股模組,LNVGY,Lenovo Group Limited,79.86,110.48,❌ SOX動能轉弱
2026-08-26,美股模組,HPE,Hewlett Packard Enterprise,53.44,72.7,❌ SOX動能轉弱
2026-08-26,美股模組,CRL,Charles River Laboratories,297.64,67.28,❌ SOX動能轉弱
2026-08-26,美股模組,PANW,Palo Alto Networks,339.9,59.81,❌ SOX動能轉弱
2026-08-26,美股模組,ILMN,"Illumina, Inc.",224.99,52.24,❌ SOX動能轉弱
2026-08-26,美股模組,HUM,Humana,389.71,52.18,❌ SOX動能轉弱
2026-08-26,美股模組,EXPE,Expedia Group,337.97,48.21,❌ SOX動能轉弱
2026-08-27,台股模組,00631L.TW,元大台灣50正2,34.68,0.23,❌ 跌破SOX 10MA(連4日)
2026-08-27,台股模組,00675L.TW,富邦臺灣加權正2,300.6,-0.76,❌ 跌破SOX 10MA(連4日)
2026-08-27,台股模組,2059.TW,川湖,14459.0,151.74,⭐️ 買進標的
2026-08-27,台股模組,1303.TW,南亞,207.0,80.84,⭐️ 買進標的
2026-08-27,台股模組,3008.TW,大立光,6290.0,74.04,⭐️ 買進標的
2026-08-27,台股模組,6446.TW,藥華藥,1585.0,73.17,⭐️ 買進標的
2026-08-27,台股模組,2466.TW,冠西電,105.0,67.68,⭐️ 買進標的
2026-08-27,台股模組,3653.TW,健策,5725.0,67.23,⭐️ 買進標的
2026-08-27,台股模組,3443.TW,創意,6125.0,50.7,⭐️ 買進標的
2026-08-27,台股模組,2301.TW,光寶科,307.0,47.06,⭐️ 買進標的
2026-08-27,台股模組,2408.TW,南亞科,517.0,45.9,⭐️ 買進標的
2026-08-27,台股模組,2615.TW,萬海,115.0,42.71,⭐️ 買進標的
2026-08-27,美股模組,USD,ProShares Ultra Semiconductors,81.21,7.48,⭐️ 買進標的
2026-08-27,美股模組,SOXL,Direxion Daily Semiconductor Bull 3X Shares,116.6,7.4,❌ 跌破TWII濾網
2026-08-27,美股模組,BWET,Breakwave Tanker Shipping ETF,356.66,228.27,❌ SOX動能轉弱
2026-08-27,美股模組,MRNA,Moderna,149.66,191.29,❌ SOX動能轉弱
2026-08-27,美股模組,DELL,Dell Technologies,463.82,115.95,❌ SOX動能轉弱
2026-08-27,美股模組,LNVGY,Lenovo Group Limited,78.18,104.96,❌ SOX動能轉弱
2026-08-27,美股模組,HPE,Hewlett Packard Enterprise,55.23,80.09,❌ SOX動能轉弱
2026-08-27,美股模組,CRL,Charles River Laboratories,295.1,59.42,❌ SOX動能轉弱
2026-08-27,美股模組,PANW,Palo Alto Networks,339.31,59.06,❌ SOX動能轉弱
2026-08-27,美股模組,SNDK,Sandisk,1499.37,56.06,❌ SOX動能轉弱
2026-08-27,美股模組,HUM,Humana,391.06,50.79,❌ SOX動能轉弱
2026-08-27,美股模組,MPC,Marathon Petroleum,362.27,50.67,❌ SOX動能轉弱
2026-08-27,台股模組,00631L.TW,元大台灣50正2,35.95,10.89,❌ 跌破SOX 10MA(連4日)
2026-08-27,台股模組,00675L.TW,富邦臺灣加權正2,313.8,11.35,❌ 跌破SOX 10MA(連4日)
2026-08-27,台股模組,2059.TW,川湖,14340.0,142.76,⭐️ 買進標的
2026-08-27,台股模組,1303.TW,南亞,227.5,96.9,⭐️ 買進標的
2026-08-27,台股模組,3008.TW,大立光,6915.0,89.89,⭐️ 買進標的
2026-08-27,台股模組,2466.TW,冠西電,105.5,69.56,⭐️ 買進標的
2026-08-27,台股模組,3653.TW,健策,5645.0,65.39,⭐️ 買進標的
2026-08-27,台股模組,6446.TW,藥華藥,1560.0,65.36,⭐️ 買進標的
2026-08-27,台股模組,2408.TW,南亞科,541.0,54.72,⭐️ 買進標的
2026-08-27,台股模組,3443.TW,創意,5920.0,53.51,⭐️ 買進標的
2026-08-27,台股模組,8046.TW,南電,1295.0,50.18,⭐️ 買進標的
2026-08-27,台股模組,2301.TW,光寶科,301.0,46.87,⭐️ 買進標的
2026-08-27,美股模組,USD,ProShares Ultra Semiconductors,81.21,7.48,⭐️ 買進標的
2026-08-27,美股模組,SOXL,Direxion Daily Semiconductor Bull 3X Shares,116.6,7.4,⭐️ 買進標的
2026-08-27,美股模組,BWET,Breakwave Tanker Shipping ETF,356.66,228.27,❌ SOX動能轉弱
2026-08-27,美股模組,MRNA,Moderna,149.66,191.29,❌ SOX動能轉弱
2026-08-27,美股模組,DELL,Dell Technologies,463.82,115.95,❌ SOX動能轉弱
2026-08-27,美股模組,LNVGY,Lenovo Group Limited,78.33,105.35,❌ SOX動能轉弱
2026-08-27,美股模組,HPE,Hewlett Packard Enterprise,55.23,80.09,❌ SOX動能轉弱
2026-08-27,美股模組,CRL,Charles River Laboratories,295.1,59.42,❌ SOX動能轉弱
2026-08-27,美股模組,PANW,Palo Alto Networks,339.31,59.06,❌ SOX動能轉弱
2026-08-27,美股模組,SNDK,Sandisk,1499.37,56.06,❌ SOX動能轉弱
2026-08-27,美股模組,HUM,Humana,391.06,50.79,❌ SOX動能轉弱
2026-08-27,美股模組,MPC,Marathon Petroleum,362.27,50.67,❌ SOX動能轉弱
2026-08-28,台股模組,00631L.TW,元大台灣50正2,35.71,10.15,❌ 跌破SOX 10MA(連4日)
2026-08-28,台股模組,00675L.TW,富邦臺灣加權正2,311.85,10.66,❌ 跌破SOX 10MA(連4日)
2026-08-28,台股模組,2059.TW,川湖,14340.0,142.76,⭐️ 買進標的
2026-08-28,台股模組,1303.TW,南亞,227.5,96.9,⭐️ 買進標的
2026-08-28,台股模組,3008.TW,大立光,6915.0,89.89,⭐️ 買進標的
2026-08-28,台股模組,2466.TW,冠西電,105.5,69.56,⭐️ 買進標的
2026-08-28,台股模組,3653.TW,健策,5645.0,65.39,⭐️ 買進標的
2026-08-28,台股模組,6446.TW,藥華藥,1560.0,65.36,⭐️ 買進標的
2026-08-28,台股模組,2408.TW,南亞科,541.0,54.72,⭐️ 買進標的
2026-08-28,台股模組,3443.TW,創意,5920.0,53.51,⭐️ 買進標的
2026-08-28,台股模組,8046.TW,南電,1295.0,50.18,⭐️ 買進標的
2026-08-28,台股模組,2301.TW,光寶科,301.0,46.87,⭐️ 買進標的
2026-08-28,美股模組,USD,ProShares Ultra Semiconductors,88.82,25.42,⭐️ 買進標的
2026-08-28,美股模組,SOXL,Direxion Daily Semiconductor Bull 3X Shares,123.05,25.62,⭐️ 買進標的
2026-08-28,美股模組,BWET,Breakwave Tanker Shipping ETF,425.23,282.4,⭐️ 買進標的
2026-08-28,美股模組,MRNA,Moderna,142.77,179.41,⭐️ 買進標的
2026-08-28,美股模組,DELL,Dell Technologies,472.26,122.55,⭐️ 買進標的
2026-08-28,美股模組,LNVGY,Lenovo Group Limited,78.33,105.47,⭐️ 買進標的
2026-08-28,美股模組,HPE,Hewlett Packard Enterprise,54.41,76.26,⭐️ 買進標的
2026-08-28,美股模組,PANW,Palo Alto Networks,382.85,75.55,⭐️ 買進標的
2026-08-28,美股模組,CRWD,CrowdStrike,227.96,67.41,⭐️ 買進標的
2026-08-28,美股模組,SNDK,Sandisk,1484.95,54.81,⭐️ 買進標的
2026-08-28,美股模組,FTNT,Fortinet,172.78,54.71,⭐️ 買進標的
2026-08-28,美股模組,VEEV,Veeva Systems,282.13,53.87,⭐️ 買進標的
2026-08-28,台股模組,00631L.TW,元大台灣50正2,36.3,12.75,❌ 跌破SOX 10MA(連4日)
2026-08-28,台股模組,00675L.TW,富邦臺灣加權正2,317.4,13.63,❌ 跌破SOX 10MA(連4日)
2026-08-28,台股模組,2059.TW,川湖,14300.0,138.08,⭐️ 買進標的
2026-08-28,台股模組,3008.TW,大立光,7065.0,88.91,⭐️ 買進標的
2026-08-28,台股模組,1303.TW,南亞,220.5,79.09,⭐️ 買進標的
2026-08-28,台股模組,3653.TW,健策,5785.0,68.06,⭐️ 買進標的
2026-08-28,台股模組,2466.TW,冠西電,104.5,67.53,⭐️ 買進標的
2026-08-28,台股模組,6446.TW,藥華藥,1545.0,64.54,⭐️ 買進標的
2026-08-28,台股模組,2408.TW,南亞科,540.0,53.32,⭐️ 買進標的
2026-08-28,台股模組,2301.TW,光寶科,317.5,52.65,⭐️ 買進標的
2026-08-28,台股模組,3443.TW,創意,6015.0,51.82,⭐️ 買進標的
2026-08-28,台股模組,6805.TW,富世達,2345.0,51.69,⭐️ 買進標的
2026-08-28,美股模組,USD,ProShares Ultra Semiconductors,88.82,25.42,⭐️ 買進標的
2026-08-28,美股模組,SOXL,Direxion Daily Semiconductor Bull 3X Shares,123.05,25.62,⭐️ 買進標的
2026-08-28,美股模組,BWET,Breakwave Tanker Shipping ETF,425.23,282.4,⭐️ 買進標的
2026-08-28,美股模組,MRNA,Moderna,142.77,179.41,⭐️ 買進標的
2026-08-28,美股模組,DELL,Dell Technologies,472.26,122.55,⭐️ 買進標的
2026-08-28,美股模組,LNVGY,Lenovo Group Limited,78.33,105.47,⭐️ 買進標的
2026-08-28,美股模組,HPE,Hewlett Packard Enterprise,54.41,76.26,⭐️ 買進標的
2026-08-28,美股模組,PANW,Palo Alto Networks,382.85,75.55,⭐️ 買進標的
2026-08-28,美股模組,CRWD,CrowdStrike,227.96,67.41,⭐️ 買進標的
2026-08-28,美股模組,SNDK,Sandisk,1484.95,54.81,⭐️ 買進標的
2026-08-28,美股模組,FTNT,Fortinet,172.78,54.71,⭐️ 買進標的
2026-08-28,美股模組,VEEV,Veeva Systems,282.13,53.87,⭐️ 買進標的
2026-08-31,台股模組,00631L.TW,元大台灣50正2,35.95,11.66,❌ 跌破SOX 10MA(連4日)
2026-08-31,台股模組,00675L.TW,富邦臺灣加權正2,313.8,12.35,❌ 跌破SOX 10MA(連4日)
2026-08-31,台股模組,2059.TW,川湖,14300.0,138.08,⭐️ 買進標的
2026-08-31,台股模組,3008.TW,大立光,7065.0,88.91,⭐️ 買進標的
2026-08-31,台股模組,1303.TW,南亞,220.5,79.09,⭐️ 買進標的
2026-08-31,台股模組,3653.TW,健策,5785.0,68.06,⭐️ 買進標的
2026-08-31,台股模組,2466.TW,冠西電,104.5,67.53,⭐️ 買進標的
2026-08-31,台股模組,6446.TW,藥華藥,1545.0,64.54,⭐️ 買進標的
2026-08-31,台股模組,2408.TW,南亞科,540.0,53.32,⭐️ 買進標的
2026-08-31,台股模組,2301.TW,光寶科,317.5,52.65,⭐️ 買進標的
2026-08-31,台股模組,3443.TW,創意,6015.0,51.82,⭐️ 買進標的
2026-08-31,台股模組,6805.TW,富世達,2345.0,51.69,⭐️ 買進標的
2026-08-31,美股模組,USD,ProShares Ultra Semiconductors,82.82,15.04,⭐️ 買進標的
2026-08-31,美股模組,SOXL,Direxion Daily Semiconductor Bull 3X Shares,111.34,8.02,⭐️ 買進標的
2026-08-31,美股模組,BWET,Breakwave Tanker Shipping ETF,426.38,291.36,❌ SOX動能轉弱
2026-08-31,美股模組,MRNA,Moderna,137.99,162.75,❌ SOX動能轉弱
2026-08-31,美股模組,LNVGY,Lenovo Group Limited,76.11,90.37,❌ SOX動能轉弱
2026-08-31,美股模組,DELL,Dell Technologies,456.24,76.95,❌ SOX動能轉弱
2026-08-31,美股模組,PANW,Palo Alto Networks,371.59,65.18,❌ SOX動能轉弱
2026-08-31,美股模組,HPE,Hewlett Packard Enterprise,52.31,59.6,❌ SOX動能轉弱
2026-08-31,美股模組,CRWD,CrowdStrike,218.4,57.42,❌ SOX動能轉弱
2026-08-31,美股模組,MPC,Marathon Petroleum,368.83,51.24,❌ SOX動能轉弱
2026-08-31,美股模組,CRL,Charles River Laboratories,291.5,49.62,❌ SOX動能轉弱
2026-08-31,美股模組,VEEV,Veeva Systems,276.69,49.33,❌ SOX動能轉弱
2026-08-31,台股模組,00631L.TW,元大台灣50正2,35.82,0.39,❌ 跌破SOX 10MA(連4日)
2026-08-31,台股模組,00675L.TW,富邦臺灣加權正2,313.1,1.26,❌ 跌破SOX 10MA(連4日)
2026-08-31,台股模組,2059.TW,川湖,14180.0,130.83,⭐️ 買進標的
2026-08-31,台股模組,3008.TW,大立光,7650.0,95.92,⭐️ 買進標的
2026-08-31,台股模組,1303.TW,南亞,242.5,84.32,⭐️ 買進標的
2026-08-31,台股模組,2466.TW,冠西電,99.0,62.65,⭐️ 買進標的
2026-08-31,台股模組,3653.TW,健策,5990.0,62.47,⭐️ 買進標的
2026-08-31,台股模組,6446.TW,藥華藥,1395.0,51.67,⭐️ 買進標的
2026-08-31,台股模組,3443.TW,創意,6100.0,47.72,⭐️ 買進標的
2026-08-31,台股模組,2301.TW,光寶科,305.0,41.29,⭐️ 買進標的
2026-08-31,台股模組,2408.TW,南亞科,543.0,40.24,⭐️ 買進標的
2026-08-31,台股模組,6805.TW,富世達,2305.0,38.96,⭐️ 買進標的
2026-08-31,美股模組,USD,ProShares Ultra Semiconductors,82.82,15.04,⭐️ 買進標的
2026-08-31,美股模組,SOXL,Direxion Daily Semiconductor Bull 3X Shares,111.34,8.02,⭐️ 買進標的
2026-08-31,美股模組,BWET,Breakwave Tanker Shipping ETF,426.38,291.36,❌ SOX動能轉弱
2026-08-31,美股模組,MRNA,Moderna,137.99,162.75,❌ SOX動能轉弱
2026-08-31,美股模組,LNVGY,Lenovo Group Limited,76.11,90.37,❌ SOX動能轉弱
2026-08-31,美股模組,DELL,Dell Technologies,456.24,76.95,❌ SOX動能轉弱
2026-08-31,美股模組,PANW,Palo Alto Networks,371.59,65.18,❌ SOX動能轉弱
2026-08-31,美股模組,HPE,Hewlett Packard Enterprise,52.31,59.6,❌ SOX動能轉弱
2026-08-31,美股模組,CRWD,CrowdStrike,218.4,57.42,❌ SOX動能轉弱
2026-08-31,美股模組,MPC,Marathon Petroleum,368.83,51.24,❌ SOX動能轉弱
2026-08-31,美股模組,CRL,Charles River Laboratories,291.5,49.62,❌ SOX動能轉弱
2026-08-31,美股模組,VEEV,Veeva Systems,276.69,49.33,❌ SOX動能轉弱
2026-09-01,台股模組,00631L.TW,元大台灣50正2,36.3,11.99,❌ 跌破SOX 10MA(連4日)
2026-09-01,台股模組,00675L.TW,富邦臺灣加權正2,317.4,13.08,❌ 跌破SOX 10MA(連4日)
2026-09-01,台股模組,2059.TW,川湖,14300.0,138.08,⭐️ 買進標的
2026-09-01,台股模組,3008.TW,大立光,7065.0,88.91,⭐️ 買進標的
2026-09-01,台股模組,1303.TW,南亞,220.5,79.09,⭐️ 買進標的
2026-09-01,台股模組,3653.TW,健策,5785.0,68.06,⭐️ 買進標的
2026-09-01,台股模組,2466.TW,冠西電,104.5,67.53,⭐️ 買進標的
2026-09-01,台股模組,6446.TW,藥華藥,1545.0,64.54,⭐️ 買進標的
2026-09-01,台股模組,2408.TW,南亞科,540.0,53.32,⭐️ 買進標的
2026-09-01,台股模組,2301.TW,光寶科,317.5,52.65,⭐️ 買進標的
2026-09-01,台股模組,3443.TW,創意,6015.0,51.82,⭐️ 買進標的
2026-09-01,台股模組,6805.TW,富世達,2345.0,51.69,⭐️ 買進標的
2026-09-01,美股模組,USD,ProShares Ultra Semiconductors,84.64,14.1,⭐️ 買進標的
2026-09-01,美股模組,SOXL,Direxion Daily Semiconductor Bull 3X Shares,112.79,9.24,⭐️ 買進標的
2026-09-01,美股模組,BWET,Breakwave Tanker Shipping ETF,416.72,225.21,❌ SOX動能轉弱
2026-09-01,美股模組,MRNA,Moderna,140.34,175.42,❌ SOX動能轉弱
2026-09-01,美股模組,LNVGY,Lenovo Group Limited,77.98,90.44,❌ SOX動能轉弱
2026-09-01,美股模組,DELL,Dell Technologies,456.01,69.64,❌ SOX動能轉弱
2026-09-01,美股模組,PANW,Palo Alto Networks,382.13,65.61,❌ SOX動能轉弱
2026-09-01,美股模組,CRWD,CrowdStrike,231.0,59.75,❌ SOX動能轉弱
2026-09-01,美股模組,SNDK,Sandisk,1566.7,56.99,❌ SOX動能轉弱
2026-09-01,美股模組,HPE,Hewlett Packard Enterprise,52.24,52.94,❌ SOX動能轉弱
2026-09-01,美股模組,VEEV,Veeva Systems,285.69,49.69,❌ SOX動能轉弱
2026-09-01,美股模組,CRL,Charles River Laboratories,288.24,47.89,❌ SOX動能轉弱
2026-09-01,台股模組,00631L.TW,元大台灣50正2,37.26,4.61,❌ 跌破SOX 10MA(連4日)
2026-09-01,台股模組,00675L.TW,富邦臺灣加權正2,327.35,5.65,❌ 跌破SOX 10MA(連4日)
2026-09-01,台股模組,2059.TW,川湖,14150.0,114.93,⭐️ 買進標的
2026-09-01,台股模組,3008.TW,大立光,7580.0,92.56,⭐️ 買進標的
2026-09-01,台股模組,1303.TW,南亞,234.5,75.32,⭐️ 買進標的
2026-09-01,台股模組,2466.TW,冠西電,99.5,56.82,⭐️ 買進標的
2026-09-01,台股模組,3653.TW,健策,5885.0,53.87,⭐️ 買進標的
2026-09-01,台股模組,6669.TW,緯穎,7800.0,37.48,⭐️ 買進標的
2026-09-01,台股模組,2615.TW,萬海,114.5,37.29,⭐️ 買進標的
2026-09-01,台股模組,6446.TW,藥華藥,1310.0,37.13,⭐️ 買進標的
2026-09-01,台股模組,3443.TW,創意,5995.0,37.01,⭐️ 買進標的
2026-09-01,台股模組,5292.TW,華懋,241.0,36.08,⭐️ 買進標的
2026-09-01,美股模組,USD,ProShares Ultra Semiconductors,84.64,14.1,⭐️ 買進標的
2026-09-01,美股模組,SOXL,Direxion Daily Semiconductor Bull 3X Shares,112.79,9.24,⭐️ 買進標的
2026-09-01,美股模組,BWET,Breakwave Tanker Shipping ETF,416.72,282.5,❌ SOX動能轉弱
2026-09-01,美股模組,MRNA,Moderna,140.34,175.42,❌ SOX動能轉弱
2026-09-01,美股模組,LNVGY,Lenovo Group Limited,76.55,91.47,❌ SOX動能轉弱
2026-09-01,美股模組,PANW,Palo Alto Networks,382.13,69.86,❌ SOX動能轉弱
2026-09-01,美股模組,DELL,Dell Technologies,456.01,69.64,❌ SOX動能轉弱
2026-09-01,美股模組,CRWD,CrowdStrike,231.0,59.75,❌ SOX動能轉弱
2026-09-01,美股模組,SNDK,Sandisk,1566.7,56.99,❌ SOX動能轉弱
2026-09-01,美股模組,VEEV,Veeva Systems,285.69,54.19,❌ SOX動能轉弱
2026-09-01,美股模組,MPC,Marathon Petroleum,373.32,53.08,❌ SOX動能轉弱
2026-09-01,美股模組,HPE,Hewlett Packard Enterprise,52.24,52.94,❌ SOX動能轉弱
